symbol,date,open,high,low,close,volume,sources
BTC,2025-07-08,108298.2289745801,109198.9716164064,107499.5564675773,108950.2755431898,44282204126.95,1
BTC,2025-07-09,108952.6627715949,112077.21,108341.92,111309.12563452759,30052684748.690002,2
BTC,2025-07-10,111310.4479904738,116848.31,110555.52,116005.2730984225,49764162527.825,2
BTC,2025-07-11,115986.2347970836,118890.32,108369.0,117516.9936684245,56204086624.04028,3
BTC,2025-07-12,117552.3164478631,118239.99,116954.09,117451.69502657556,23197229960.675,2
BTC,2025-07-13,117450.18042293206,119503.56,117264.6,119121.88877462335,25077230037.45,2
BTC,2025-07-14,119121.72375482065,123220.28,118951.55,119859.35786015735,92765597161.255,2
BTC,2025-07-15,119853.8484758277,122838.0,115548.0,117777.9,68915956378.80447,3
BTC,2025-07-16,117777.5444973878,120122.22,117043.92,118719.438019472,37736441140.125,2
BTC,2025-07-17,118719.438019472,121020.95,117485.98,119286.29109589745,37682187293.909996,2
BTC,2025-07-18,119283.42589546945,120911.16,116902.92,118014.57224776334,40521069595.035,2
BTC,2025-07-19,118025.92,120689.0,116094.0,117939.9787390508,47564562764.75,3
BTC,2025-07-20,117928.6896212612,118903.91,116533.22,117314.69787014385,29298467708.835,2
BTC,2025-07-21,117317.53849106435,119712.2,116581.7,117440.6429002138,36003964012.409996,2
BTC,2025-07-22,117434.1240766996,120298.65,116186.23,120009.45777591685,40912561826.835,2
BTC,2025-07-23,119997.4426914491,120222.0,116779.0,118808.78,58939000420.94166,3
BTC,2025-07-24,118789.8807422996,119555.88,117214.42,118382.6666245888,37377829320.2,2
BTC,2025-07-25,118382.6666245888,118523.27,114756.37,117639.9955379688,55201921390.275,2
BTC,2025-07-26,117644.4770312608,118355.11,117143.68,117959.3181211018,24900125422.155,2
BTC,2025-07-27,117971.27,119959.0,115086.0,119448.4903295397,25145925063.881348,3
BTC,2025-07-28,119463.1159754711,119835.44,117403.28,117992.19647635755,33482841827.760002,2
BTC,2025-07-29,117999.25217963825,119285.96,116933.73,117932.12891845114,35268463939.135,2
BTC,2025-07-30,117932.052042964,118800.1,115769.47,117842.2456923117,35524736801.025,2
BTC,2025-07-31,117853.3,119754.0,115493.77,115765.36,43054424656.58649,3
BTC,2025-08-01,115752.15760612409,116060.7726221091,112682.82,113291.7829861514,47573124704.990005,2
BTC,2025-08-02,113291.93717878465,114033.98,112005.7690998997,112536.61732125556,29139237824.315,2
BTC,2025-08-03,112536.06166456646,114803.51,111925.95,114228.25148455215,24523406131.4,2
BTC,2025-08-04,114238.83,118865.0,112113.0,115065.9,24689273719.085533,3
BTC,2025-08-05,115069.04227887114,115117.435936834,112629.49,114134.5358641757,31482443323.29,2
BTC,2025-08-06,114134.2717898572,115748.22,113364.73,115033.2232066844,29019381846.14,2
BTC,2025-08-07,115034.2511135235,117690.87,114279.7120182548,117509.58869838805,32977840079.59,2
BTC,2025-08-08,117505.4973904093,117698.38,112770.0,116692.86,38289687095.00489,3
BTC,2025-08-09,116685.56784490819,117940.29,116360.05,116500.82102899725,27465435666.515,2
BTC,2025-08-10,116499.49828820475,119320.76,116485.1660488103,119309.2307109103,33002202562.805,2
BTC,2025-08-11,119309.25538268164,122321.0974354062,118106.91,118723.0135163576,46807662216.229996,2
BTC,2025-08-12,118714.58,122227.0,115979.0,120128.24,61739781527.95854,3
BTC,2025-08-13,120148.6088511985,123735.38,118939.6312946595,123359.30990282435,47112952867.43,2
BTC,2025-08-14,123356.97769392814,124532.7,117241.12,118375.58528526564,54152491468.525,2
BTC,2025-08-15,118378.6871955851,119335.93,116864.5734769494,117419.21899148425,35496255655.735,2
BTC,2025-08-16,117440.09,124128.0,116956.0,117469.52,44268714220.021,3
BTC,2025-08-17,117481.15429109655,118639.81,117268.69,117470.53135502044,23321684983.43,2
BTC,2025-08-18,117470.95319283125,117627.66,114716.49,116272.2309679264,37711213378.63,2
BTC,2025-08-19,116267.00327490894,116789.95,112730.3986887454,112850.9229971761,37332226051.450005,2
BTC,2025-08-20,112870.67,118514.0,112387.14,114274.7407842478,46156885037.403885,3
BTC,2025-08-21,114283.52707383959,114816.84,111986.2347013088,112455.4337500844,30037309477.245003,2
BTC,2025-08-22,112462.78539161634,117428.1,111675.14,116891.93873583915,42894565441.905,2
BTC,2025-08-23,116888.07891868734,117003.31,114533.54,115383.0455965065,28166227174.84,2
BTC,2025-08-24,115387.3913229719,117310.0,110860.71,113486.67,27306719885.257973,3
BTC,2025-08-25,113471.7823401624,113648.57,109292.22,110137.250463757,44707929468.515,2
BTC,2025-08-26,110137.1277141683,112407.53,108701.29,111804.2927851725,36197736271.12,2
BTC,2025-08-27,111800.8191337432,112669.11,110381.63,111249.5203585476,32288881696.085,2
BTC,2025-08-28,111276.98,115549.0,109214.0,112544.8019855007,36957904262.995804,3
BTC,2025-08-29,112566.36503904441,112646.73,107512.41,108401.9940711203,40514603649.11,2
BTC,2025-08-30,108401.27747841965,108937.23,107381.29,108820.80085644785,26268085227.93,2
BTC,2025-08-31,108825.9955420691,109510.25,108095.95,108255.21494799966,24488174797.329998,2
BTC,2025-09-01,108273.72,113329.0,107271.183408171,109250.5947969764,26140904019.246822,3
BTC,2025-09-02,109249.6736637296,111796.23,108420.77,111223.26360610795,38885484333.375,2
BTC,2025-09-03,111218.31934416934,112601.73,110556.54,111737.36166266474,31625941302.105,2
BTC,2025-09-04,111734.82956772605,112225.93,109345.22,110727.96504025765,31146985654.365,2
BTC,2025-09-05,110723.0145434385,113400.39,107295.0,110676.99,38708366685.43147,3
BTC,2025-09-06,110663.7808611219,111320.3,110019.89,110227.4288682047,11117431237.435001,2
BTC,2025-09-07,110225.7429394925,111607.85,110211.6215475936,111155.4297591516,12669480951.045,2
BTC,2025-09-08,111153.12889875175,112937.76,110628.16,112080.24554426924,21021301151.635,2
BTC,2025-09-09,112077.5772737136,113293.12,110032.0,111549.14,37159847899.8603,3
BTC,2025-09-10,111540.1939402313,114341.92,110940.076862647,113971.77947730235,29519712973.005,2
BTC,2025-09-11,113974.81404691875,115543.74,113453.8393085089,115522.68876342705,23890820432.555,2
BTC,2025-09-12,115522.8164780712,116816.49,114785.3,116108.9204482378,28598907935.359997,2
BTC,2025-09-13,116093.5595234273,116705.0,110822.0,115971.92,34549454946.66,3
BTC,2025-09-14,115961.106159556,116227.37,115203.8,115379.76222371444,16820814807.635,2
BTC,2025-09-15,115375.7505719054,116808.07,114427.7,115422.96635416869,27537799045.09,2
BTC,2025-09-16,115412.40732082965,117006.56,114765.74,116840.74712534455,23836033830.420002,2
BTC,2025-09-17,116838.31,117331.11,114509.0,116488.17,39964451595.099724,3
BTC,2025-09-18,116474.7163530461,117981.11,116134.78,117131.8312300419,25855317061.41,2
BTC,2025-09-19,117132.06667344455,117510.96,115141.8172917535,115695.4164090056,20387999227.795002,2
BTC,2025-09-20,115696.5492406452,116202.27,115473.5242788556,115739.01410379035,11779573627.28,2
BTC,2025-09-21,115756.07,117888.0,114940.0,115306.097161289,18774953731.290394,3
BTC,2025-09-22,115304.52606112251,115439.04,112027.44,112748.1778116228,36940972360.524994,2
BTC,2025-09-23,112752.66277732121,113372.59,111518.32,112029.0798382582,24645961171.309998,2
BTC,2025-09-24,112025.6632579519,114013.4,111118.7,113344.6602044283,25016468718.3,2
BTC,2025-09-25,113360.69,115858.0,108664.26,109061.11,46677543220.334526,3
BTC,2025-09-26,109051.20225053915,110387.27,108695.14,109718.385759137,30397999159.535,2
BTC,2025-09-27,109715.5405091554,109822.37,109144.293006297,109704.6812415997,13543164794.64,2
BTC,2025-09-28,109704.68364976204,112406.99,109236.9477444889,112174.64457530741,17343974214.87,2
BTC,2025-09-29,112226.65,114496.59,108776.0,114400.3864282159,31274654338.51212,3
BTC,2025-09-30,114401.8001202996,114866.53,112727.79,114067.13182374965,30799486432.405,2
BTC,2025-10-01,114067.8860916521,118722.74,113981.3959687741,118657.82929393575,37308704868.25,2
BTC,2025-10-02,118659.5579478032,121107.24,118356.65,120655.98486167105,37381885547.27,2
BTC,2025-10-03,120630.71,123996.37,111599.0,122266.5327281923,71252850672.75252,3
BTC,2025-10-04,122293.16488554695,122898.15,121577.5714027949,122440.40936477124,18994067287.31,2
BTC,2025-10-05,122437.53034409191,125748.81,122191.9581408905,123524.34185698355,38196497662.145004,2
BTC,2025-10-06,123522.8299841939,126287.29,123143.47,124737.7641760487,38023716493.435,2
BTC,2025-10-07,122619.0,126080.0,119514.0,122988.055,39213697475.11077,2
ETH,2025-07-08,2542.9727446559,2626.6644537649,2525.4377884757,2615.5057588635,17537487205.94,1
ETH,2025-07-09,2615.89787943175,2796.41,2590.85,2770.38381716225,14315296132.230001,2
ETH,2025-07-10,2770.36365067815,3000.74,2756.79,2953.0776089561,17836797222.3,2
ETH,2025-07-11,2951.31,3039.9,2592.94,2957.8861984773,36226558862.52,3
ETH,2025-07-12,2958.6818869051503,2980.71,2905.43,2943.5908314644503,8503517424.530001,2
ETH,2025-07-13,2943.5617896187,3021.17,2937.49,2973.18449431075,9065122301.67,2
ETH,2025-07-14,2973.1175740668004,3083.04,2964.19,3014.00542962565,19041472614.21,2
ETH,2025-07-15,3013.2935772868,3144.48,2908.75,3139.33,39013656111.94,3
ETH,2025-07-16,3139.60985890185,3425.33,3101.74,3372.3033614226997,24634855788.79,2
ETH,2025-07-17,3372.3033614226997,3526.44,3312.55,3478.1321988325,25065139634.364998,2
ETH,2025-07-18,3477.80196086215,3676.78,3462.02,3549.2881223140503,31153180897.335,2
ETH,2025-07-19,3548.9259966784,3669.85,2942.21,3594.34,26031719745.61,3
ETH,2025-07-20,3594.79024428695,3825.1,3581.09,3759.0557208944,23202223827.805,2
ETH,2025-07-21,3758.78028842,3859.77,3703.91,3763.8156263499004,22423665921.67,2
ETH,2025-07-22,3763.5710499359,3800.87,3618.98,3748.8927180158,23799740233.45,2
ETH,2025-07-23,3748.64,3848.92,3523.94,3630.21,41283228952.7,3
ETH,2025-07-24,3629.97078602645,3775.3,3510.45,3708.3828527412,21349491972.75,2
ETH,2025-07-25,3708.3828527412,3750.35,3575.42,3726.6384471580504,22316248325.64,2
ETH,2025-07-26,3726.6236222690504,3794.86,3700.41,3742.0930518339,12710454088.400002,2
ETH,2025-07-27,3742.79,3880.83,3530.3,3874.12,25352434514.72998,3
ETH,2025-07-28,3874.6878949401,3941.6,3754.34,3793.18784883245,18904661919.815,2
ETH,2025-07-29,3793.63473632555,3885.97,3716.15,3793.4574623426497,18669923813.12,2
ETH,2025-07-30,3793.5212842613,3833.7,3677.33,3809.2458391783002,17984550063.155,2
ETH,2025-07-31,3808.2460282944,3936.94,3684.07,3698.19,28710848449.745983,3
ETH,2025-08-01,3697.16718866925,3723.77,3430.49,3487.69296576795,24332158322.644997,2
ETH,2025-08-02,3487.4883500637998,3536.9,3368.07,3393.07063519985,15831275157.295,2
ETH,2025-08-03,3393.0721762051,3522.08,3356.18,3497.48955354025,10102861180.715,2
ETH,2025-08-04,3497.6129223344,3874.37,3373.55,3718.9860330916,18338718249.174084,3
ETH,2025-08-05,3720.3739033208,3721.28,3546.78,3611.8546517925497,17177859586.355,2
ETH,2025-08-06,3611.9243985459498,3699.86,3564.36,3684.01531369375,14124391676.07,2
ETH,2025-08-07,3684.08599268515,3928.73,3648.86,3912.997968506,20290307936.665,2
ETH,2025-08-08,3911.67,4071.18,3495.1,4009.8489940375,31981627910.70641,3
ETH,2025-08-09,4009.84533648855,4326.47,4007.66,4263.25946733795,23720721369.894997,2
ETH,2025-08-10,4263.236251782349,4333.21,4161.61,4253.2237983372,18933237085.595,2
ETH,2025-08-11,4253.230674132899,4363.0,4166.28,4225.9585126007005,26541040150.66,2
ETH,2025-08-12,4224.95,4637.79,3884.64,4589.8,43010572110.88258,3
ETH,2025-08-13,4590.2287589848,4786.25,4563.84,4754.0629378611,33381120251.905003,2
ETH,2025-08-14,4753.9466741137,4792.0,4458.11,4549.3683130363,40214690504.015,2
ETH,2025-08-15,4549.822748923099,4670.98,4370.37,4441.55431656165,29390852521.67,2
ETH,2025-08-16,4439.9981821384,4779.0,4226.51,4426.1803113344,26816931513.69,3
ETH,2025-08-17,4425.73995809635,4577.87,4398.69,4474.3657779880505,16403458605.56,2
ETH,2025-08-18,4474.39523363195,4484.5,4227.39,4313.8975046587,28414599060.31,2
ETH,2025-08-19,4313.9101867072495,4356.5,4067.28,4074.58210071215,26932008529.84,2
ETH,2025-08-20,4075.7,4563.72,4063.26,4334.5003930871,41626342123.38552,3
ETH,2025-08-21,4335.4487796481,4340.41,4204.16,4224.08492663795,17811241853.185,2
ETH,2025-08-22,4224.345446993901,4886.5,4207.73,4830.97436150825,40266542131.990005,2
ETH,2025-08-23,4830.84410154495,4831.610686537,4661.09,4776.6351763966995,18951786455.065002,2
ETH,2025-08-24,4776.7047831539,4955.89,4074.75,4779.6473316152,27814037595.094646,3
ETH,2025-08-25,4779.88473360695,4797.68,4336.8,4375.32888341745,33609583405.954998,2
ETH,2025-08-26,4375.275137482649,4635.1,4313.23,4601.188370773551,28390698420.485,2
ETH,2025-08-27,4601.23011966075,4663.74,4482.76,4505.41142181155,23000203689.47,2
ETH,2025-08-28,4507.43,4946.05,4341.54,4507.1776761205,35898825608.295586,3
ETH,2025-08-29,4509.8807716804,4517.24,4270.22,4360.421502984949,24670195231.405,2
ETH,2025-08-30,4360.38945079445,4415.32,4258.66,4374.546688831,13394026299.85,2
ETH,2025-08-31,4374.9167168487,4498.78,4373.5968927219,4391.2245651208505,13885107611.53,2
ETH,2025-09-01,4392.43,4625.35,4212.31,4314.85,22269795530.723904,3
ETH,2025-09-02,4314.6205440408,4417.1,4257.73,4325.9429199093,20900876914.78,2
ETH,2025-09-03,4325.608199503,4492.46,4283.79,4451.359479369799,18455156740.33,2
ETH,2025-09-04,4451.272956413,4484.3,4266.19,4298.64211120465,18405719617.78,2
ETH,2025-09-05,4298.8370518843,4487.87,4238.45,4306.9889316018,29893273380.076374,3
ETH,2025-09-06,4307.2716141692,4328.68,4239.48,4274.3860314515005,9385695593.550001,2
ETH,2025-09-07,4274.34840273515,4335.97,4271.42,4305.76383417485,8977480095.465,2
ETH,2025-09-08,4305.78057210385,4384.03,4279.43,4307.3461588677,16846442428.42,2
ETH,2025-09-09,4306.62,4467.61,4250.48,4309.69,26393884729.75394,3
ETH,2025-09-10,4309.59579133395,4454.16,4284.83,4349.62307453215,20608949001.765,2
ETH,2025-09-11,4349.65015061985,4480.11,4339.7166563778,4461.1716663276,18851384619.895,2
ETH,2025-09-12,4461.29462850455,4746.46,4452.72,4715.19315498325,23021241132.28,2
ETH,2025-09-13,4714.703579182,4767.44,4279.58,4669.05,34843845976.8,3
ETH,2025-09-14,4668.610682548549,4694.21,4580.28,4608.1288062152,14607600993.185,2
ETH,2025-09-15,4608.1915058071,4672.07,4466.48,4526.045122629101,20857190302.454998,2
ETH,2025-09-16,4525.6740994212505,4539.27,4425.47,4503.4123056703,17096978700.26,2
ETH,2025-09-17,4503.6356814111,4762.74,4426.97,4592.35,28053763147.05997,3
ETH,2025-09-18,4592.39638026405,4646.7,4555.5,4589.77952364905,17485525861.91,2
ETH,2025-09-19,4589.57284503015,4622.36,4438.71,4471.2385394167995,15794730554.599998,2
ETH,2025-09-20,4471.2692835055495,4511.93,4457.46,4482.5478008601,9270509081.26,2
ETH,2025-09-21,4482.83,4637.85,4440.0,4451.3289723137,14314030981.454111,3
ETH,2025-09-22,4449.5553266086,4458.09,4081.71,4202.8686521194995,30490119479.565002,2
ETH,2025-09-23,4202.9407591830495,4231.67,4118.33,4165.6019549541,16945549969.804998,2
ETH,2025-09-24,4165.5562883003,4208.71,4078.05,4154.0345775388,17391327117.04,2
ETH,2025-09-25,4154.6,4497.46,3825.56,3876.07,29988924904.58222,3
ETH,2025-09-26,3872.3804758592,4071.6,3868.4335626315,4035.3589129132997,25007998597.489998,2
ETH,2025-09-27,4035.3722321622,4040.36,3975.23,4019.7391181786,10494923358.085001,2
ETH,2025-09-28,4019.7398297050504,4146.51,3968.12,4142.68325103305,12778710852.715,2
ETH,2025-09-29,4143.89,4238.84,3833.75,4217.3415851884,21656522951.624653,3
ETH,2025-09-30,4217.5625004230005,4247.85,4093.58,4146.168863601,19633228752.355003,2
ETH,2025-10-01,4146.20680475315,4357.3,4124.52,4350.8211970067005,23996771038.01,2
ETH,2025-10-02,4351.3852681165,4520.76,4335.44,4487.907020850051,24984164055.23,2
ETH,2025-10-03,4486.9345115802,4595.84,4089.64,4514.870454925,41104321433.11955,3
ETH,2025-10-04,4515.454633837349,4521.67,4443.4,4489.518615378151,11265796590.69,2
ETH,2025-10-05,4489.4467232017505,4619.69,4470.16,4515.671490059251,23070153258.36,2
ETH,2025-10-06,4515.610301482549,4738.74,4490.67,4687.155735802749,23507969510.425,2
ETH,2025-10-07,4585.360000000001,4758.41,4443.26,4587.755,24195628426.597923,2
SOL,2025-07-08,148.8719574192,152.7966022391,147.9498762498,151.8103911487,3885408944.07,1
SOL,2025-07-09,151.77019556994998,157.97,150.62,157.1957568402,2509512381.39,2
SOL,2025-07-10,157.1957568402,165.38,155.75,164.2013852257,2975449688.8849998,2
SOL,2025-07-11,164.2012650927,168.21,159.65,162.93169198355,3705085232.37,2
SOL,2025-07-12,162.93169198355,163.98,157.81,160.72242045675,1964378734.86,2
SOL,2025-07-13,160.72242045675,164.22,159.73,161.2070051476,2002257645.075,2
SOL,2025-07-14,161.2070051476,168.66,160.71,162.2676143755,3709525759.66,2
SOL,2025-07-15,162.26780668319998,164.24,157.22,163.99022027360002,3380190138.18,2
SOL,2025-07-16,163.99022027360002,176.08,161.56,173.71923820585,4432090965.82,2
SOL,2025-07-17,173.71923820585,178.23,168.82,175.8965198097,4141804905.2400002,2
SOL,2025-07-18,175.89596326575,184.76,173.37,177.3709882083,4466178947.434999,2
SOL,2025-07-19,177.37095961865,178.71,174.15,177.0600607769,2172710151.89,2
SOL,2025-07-20,177.0602505013,183.71,176.43,181.5430176817,3436506048.19,2
SOL,2025-07-21,181.5426288675,199.45,178.39,195.90713225205,5989338777.99,2
SOL,2025-07-22,195.90395001665001,206.4,193.89,205.7502754294,7680139320.92,2
SOL,2025-07-23,205.7556223681,205.84,184.1,189.52146734069999,5608298927.75,2
SOL,2025-07-24,189.5196550422,192.02,179.48,182.78802928195,4711242980.32,2
SOL,2025-07-25,182.78697374465,186.92,175.77,186.78982839145,4580846064.465,2
SOL,2025-07-26,186.78989954405,189.79,184.43,184.91693949575,1970154143.375,2
SOL,2025-07-27,184.91598739255,190.74,184.62,188.72174308860002,2455900932.545,2
SOL,2025-07-28,188.7210468726,195.31,182.22,182.83578140179998,3924200163.265,2
SOL,2025-07-29,182.84424581604998,186.64,178.26,181.40265560005,2855990044.21,2
SOL,2025-07-30,181.40265560005,182.5,170.45,177.73200768055,3169754790.805,2
SOL,2025-07-31,177.73189562689998,182.67,171.49,172.32217239940002,2858793223.14,2
SOL,2025-08-01,172.31855950385,172.4171190077,159.2,162.7735432552,4359054505.42,2
SOL,2025-08-02,162.7735432552,165.21,155.81,158.4815064233,2321409523.2549996,2
SOL,2025-08-03,158.48170998855,163.13,156.3,161.98248311384998,1912188701.9950001,2
SOL,2025-08-04,161.98648051355,169.83,161.33,169.49784341244998,2611372025.065,2
SOL,2025-08-05,169.49888627015,171.69,161.31,164.08321853195,2592939621.145,2
SOL,2025-08-06,164.08428234255,169.97,161.19,168.16786392125,2018052961.99,2
SOL,2025-08-07,168.1677181466,175.55,166.74,175.4627168221,2702613550.2850003,2
SOL,2025-08-08,175.46273134025,179.64,173.51,176.7966424732,3445948823.83,2
SOL,2025-08-09,176.7965607268,183.45,176.67,180.0861746933,2766872468.515,2
SOL,2025-08-10,180.0864439642,186.17,177.55,182.8165107722,3499183576.12,2
SOL,2025-08-11,182.81651823655,186.77,173.47,174.92891029085,3835898614.865,2
SOL,2025-08-12,174.92891728475,193.7,173.66,191.78841274615002,4561388605.639999,2
SOL,2025-08-13,191.78841274615002,204.92,191.45,201.6052124947,6359773945.61,2
SOL,2025-08-14,201.60336303095,209.89,187.35,192.59797705295,7839002743.285,2
SOL,2025-08-15,192.5988805581,198.19,183.44,185.81562776279998,4077995146.2349997,2
SOL,2025-08-16,185.81477747194998,190.14,185.36,189.75349973885,1959059488.2649999,2
SOL,2025-08-17,189.75292475485,195.91,187.53,191.1574139919,2254597540.585,2
SOL,2025-08-18,191.1572480982,191.44,180.11,183.03493247015,3358252867.555,2
SOL,2025-08-19,183.03484551365,185.92,175.68,176.16113861315,3186754185.94,2
SOL,2025-08-20,176.16193936425,188.02,176.05,187.77815378945002,3326374553.5950003,2
SOL,2025-08-21,187.77815378945002,190.08,179.37,180.2803102368,2877137803.75,2
SOL,2025-08-22,180.27984969304998,202.53,177.29,200.64372299964998,5455072633.705,2
SOL,2025-08-23,200.64308194709997,208.4,195.24,204.00337156889998,4177571983.1549997,2
SOL,2025-08-24,204.00357677505,211.94,201.09,205.9061826065,6095101425.595,2
SOL,2025-08-25,205.9077166532,213.47,185.46,187.24922327655,7014439671.18,2
SOL,2025-08-26,187.24420955845,198.11,185.67,195.89254637455,4257417328.845,2
SOL,2025-08-27,195.89300569015,212.08,193.83,202.9316873469,6949044633.965,2
SOL,2025-08-28,202.93285031279999,216.89,201.69,214.42781942405,6541394187.5199995,2
SOL,2025-08-29,214.42566893614998,217.94,199.93,205.17499739800002,7658288431.709999,2
SOL,2025-08-30,205.17224236265,207.03,197.6,202.80006673785,3090506662.42,2
SOL,2025-08-31,202.79859795430002,206.64,200.36,200.76676783695,2686320509.555,2
SOL,2025-09-01,200.76593448979997,204.53,194.22,197.21417264515,3890881403.2799997,2
SOL,2025-09-02,197.2147981416,209.68,196.77,209.55576971515,4668314487.929999,2
SOL,2025-09-03,209.55639641185002,213.01,207.46,210.78815036470002,3717748265.3450003,2
SOL,2025-09-04,210.78815036470002,212.01,201.87,202.45009363295,2825330783.365,2
SOL,2025-09-05,202.4433663684,210.04,201.03,203.4442585214,4165604711.85,2
SOL,2025-09-06,203.4442585214,204.65,199.37,200.21815564029998,1641183721.585,2
SOL,2025-09-07,200.2186795878,207.93,200.17,206.41408969665002,2216933299.625,2
SOL,2025-09-08,206.41226639585,217.14,205.59,214.1632011867,5436756981.835,2
SOL,2025-09-09,214.16327087004998,219.75,210.92,217.24534679020002,4709361665.785,2
SOL,2025-09-10,217.24519584655002,225.97,215.13,224.05845540065002,4897559321.445,2
SOL,2025-09-11,224.0578442045,229.03,221.8,228.8030930334,5145647169.345,2
SOL,2025-09-12,228.8031205728,244.27,228.23,242.33164295985,7140543857.83,2
SOL,2025-09-13,242.33048629625,244.31,235.6,242.54295447200002,4048820876.25,2
SOL,2025-09-14,242.5427975471,249.92,239.35,240.22384568795,5137755220.525,2
SOL,2025-09-15,240.2190512284,244.08,230.21,234.37378293159998,5504847382.335,2
SOL,2025-09-16,234.37461144675,240.98,231.36,236.99479211255,4138653649.25,2
SOL,2025-09-17,236.98876445505,246.71,232.36,244.8887243149,5676934553.505,2
SOL,2025-09-18,244.88565514599998,253.58,242.68,247.61856829365001,5052885792.219999,2
SOL,2025-09-19,247.6191257138,248.64,235.27,238.60635468110002,4091149273.8599997,2
SOL,2025-09-20,238.60487733629998,241.31,237.07,239.59623877545,1873326662.1950002,2
SOL,2025-09-21,239.59665173,241.94,235.46,236.44772473594998,1868236662.18,2
SOL,2025-09-22,236.4471123984,237.08,216.17,220.5282255725,6603632959.1050005,2
SOL,2025-09-23,220.53195582454998,221.77,212.52,213.5286484206,4007672884.5950003,2
SOL,2025-09-24,213.52535916940002,216.5,205.05,211.72312783795002,4542145360.03,2
SOL,2025-09-25,211.7217222177,212.53,191.49,192.60538153695,6786165466.21,2
SOL,2025-09-26,192.6139821974,205.63,190.93,205.31627494065,5743435702.530001,2
SOL,2025-09-27,205.31259181165,205.56,200.01,203.58166744,2142912800.375,2
SOL,2025-09-28,203.58162135735,211.03,198.1,210.82887579865,2415659040.27,2
SOL,2025-09-29,210.8298628457,214.87,204.77,212.9816993412,3721909370.235,2
SOL,2025-09-30,212.97748092569998,213.83,204.32,208.7465563154,3733557347.55,2
SOL,2025-10-01,208.7461178753,222.86,206.43,221.9179361356,4477223787.9800005,2
SOL,2025-10-02,221.92736335235,235.04,219.67,234.87843319995,5236383776.73,2
SOL,2025-10-03,234.87699091644998,237.17,227.34,232.9809880236,5036829542.9,2
SOL,2025-10-04,232.9804858226,234.2,224.33,227.9966029048,2431340206.7999997,2
SOL,2025-10-05,227.9962484339,237.29,226.64,228.6355990452,3807860657.315,2
SOL,2025-10-06,228.63555187539998,237.91,227.66,232.49302078530002,4067243246.2,2
SOL,2025-10-07,232.47,235.27,221.6,223.27,484674786.78,1
USDT,2025-07-08,1.0000087394,1.0014471792,0.9995835248,1.0002128562,61978988726.01,1
USDT,2025-07-09,1.0001064281,1.007,0.9739,1.0002657843,44655242283.965,2
USDT,2025-07-10,1.0002789831999999,1.007,0.953,1.00001066965,59291834164.04,2
USDT,2025-07-11,1.0000218432499999,1.012,0.9805,0.9999310162,74710816458.05,2
USDT,2025-07-12,0.99997698035,1.007,0.9961,1.00014097635,39110363456.585,2
USDT,2025-07-13,1.0001283171000002,1.004,0.9848,1.00019322105,39543647485.145,2
USDT,2025-07-14,1.0002011631999999,1.028,0.9925,1.00001196935,69944080192.055,2
USDT,2025-07-15,1.00002233215,1.019,0.9826,1.0000383377,73555323032.235,2
USDT,2025-07-16,1.0000383377,1.013,0.9866,1.0007082290999998,68367922824.475,2
USDT,2025-07-17,1.0007082290999998,1.015,0.9858,1.00084672735,72643945936.99501,2
USDT,2025-07-18,1.000852696,1.037,0.9761,1.00081371,85695981530.285,2
USDT,2025-07-19,1.00080687345,1.005,0.9772,1.0007353669499999,42277819148.79,2
USDT,2025-07-20,1.0007309502,1.018,0.9533,1.0006084487,60610378016.125,2
USDT,2025-07-21,1.0006472332,1.026,0.9845,1.0006488408499998,71263338749.45,2
USDT,2025-07-22,1.0006348584999998,1.003,0.9686,1.00063571135,76403593633.645,2
USDT,2025-07-23,1.0006492834,1.038,0.9726,1.0007215094,70892495723.76,2
USDT,2025-07-24,1.0007012848999999,1.018,0.947,1.0008468235999999,70139549214.47,2
USDT,2025-07-25,1.0003468236000002,1.008,0.9757,1.00009809695,80333196033.21501,2
USDT,2025-07-26,1.00011759915,1.004,0.9935,1.0001779733,40697894442.10999,2
USDT,2025-07-27,1.0001790646,1.003,0.987,1.00013031925,46889541665.23499,2
USDT,2025-07-28,1.0001439671,1.015,0.9944,1.000027897,61247397502.395004,2
USDT,2025-07-29,1.0000077571000001,1.011,0.9914,0.99990298975,59616791340.515,2
USDT,2025-07-30,0.99992116955,1.008,0.9825,0.99997770125,58532779063.87,2
USDT,2025-07-31,0.9999811004,1.027,0.9977,0.99997835515,57754007258.04,2
USDT,2025-08-01,0.9999051516999999,1.024,0.9945,0.9995348294999999,74632456256.575,2
USDT,2025-08-02,0.9995446855000001,1.042,0.9924,0.9997334918,45416379107.104996,2
USDT,2025-08-03,0.9997905712999999,1.005,0.98,1.0000247729,34314356027.66,2
USDT,2025-08-04,1.00005911235,1.006,0.992,0.9999463584,47127232925.685,2
USDT,2025-08-05,0.99995763835,1.009,0.9869,0.99993608175,50116710893.04,2
USDT,2025-08-06,0.9999586409,1.007,0.9858,1.00009794235,43084260761.975,2
USDT,2025-08-07,1.0000960308,1.005,0.9332,1.0001435883,56875392348.585,2
USDT,2025-08-08,1.0001470562499999,1.015,0.968,1.0000454177,60062233127.13,2
USDT,2025-08-09,1.000014718,1.015,0.9406,1.0001343783999999,54556473213.815,2
USDT,2025-08-10,1.00012710175,1.019,0.979,1.00012541895,55129328957.28,2
USDT,2025-08-11,1.00012624585,1.033,0.9864,1.0001453248,76816327049.225,2
USDT,2025-08-12,1.0001339236,1.01,0.9195,0.99985263905,72727795407.45999,2
USDT,2025-08-13,0.9998514289,1.008,0.9609,1.0006790106499999,88087652806.22499,2
USDT,2025-08-14,1.0006574856,1.054,0.9805,1.00082581715,104981351454.485,2
USDT,2025-08-15,1.0008792681999998,1.052,0.9845,1.0008166346,68041358734.95,2
USDT,2025-08-16,1.00081090705,1.016,0.9896,1.0008154675999998,39215111205.82,2
USDT,2025-08-17,1.00081335175,1.023,0.9834,1.00082759345,42317517704.265,2
USDT,2025-08-18,1.00080815625,1.04,0.9801,1.0002372836,67795847626.445,2
USDT,2025-08-19,1.0002054419,1.069,0.9979,1.00010397415,66834222740.625,2
USDT,2025-08-20,1.0000641138000002,1.01,0.9371,1.00002737625,64415716888.345,2
USDT,2025-08-21,1.0000343695,1.021,0.9955,0.9997725324,49852882654.91,2
USDT,2025-08-22,0.9998150091,1.011,0.871,0.99980687215,88984889815.84,2
USDT,2025-08-23,0.9997891687,1.011,0.9754,0.9996357107,53415327444.745,2
USDT,2025-08-24,0.99968271925,1.037,0.9858,0.99994345015,72423523848.995,2
USDT,2025-08-25,0.9999360285500001,1.032,0.9925,1.000061637,84318476280.34,2
USDT,2025-08-26,1.0000476018,1.006,0.9726,1.0001580674000001,69218069328.51,2
USDT,2025-08-27,1.0001361188,1.035,0.9947,1.0000293766000001,60156435346.59499,2
USDT,2025-08-28,0.9999812878500001,1.008,0.9851,1.00002060815,55218783313.205,2
USDT,2025-08-29,1.00003343335,1.039,0.992,1.0000731443,71077953803.415,2
USDT,2025-08-30,1.0000733672,1.0013090701,0.9869,1.0000284210000001,41153928858.69,2
USDT,2025-08-31,1.0000993713500002,1.024,0.9958,1.0000299409,40634775472.69,2
USDT,2025-09-01,0.99997804845,1.006,0.982,1.00002328835,61307388696.885,2
USDT,2025-09-02,0.9999641356,1.005,0.9747,0.99999870685,62906484015.32,2
USDT,2025-09-03,0.99996412135,1.008,0.9898,1.0002853595499999,53094581987.875,2
USDT,2025-09-04,1.0002789742,1.014,0.9875,1.0001531302,51106507001.245,2
USDT,2025-09-05,1.00014138465,1.025,0.996,0.9999750787,66073107405.009995,2
USDT,2025-09-06,0.9999749340499999,1.01,0.9985,1.0001108881,31840887362.0,2
USDT,2025-09-07,1.0001053566,1.004,0.9917,1.0000467077500002,35359970523.285,2
USDT,2025-09-08,1.0000477721499998,1.008,0.9871,0.9999530067,57395212005.885,2
USDT,2025-09-09,0.9999839188999999,1.016,0.9932,1.0000325692,62270751574.04,2
USDT,2025-09-10,1.0000354471500001,1.003,0.9735,1.00006917275,66550722447.0,2
USDT,2025-09-11,1.0000463475,1.001,0.9825,1.00013289655,60753637080.64,2
USDT,2025-09-12,1.0001350453,1.007,0.9893,1.00080899325,70669234515.17,2
USDT,2025-09-13,1.0007746171999998,1.022,0.9874,1.00015926335,59521448279.96001,2
USDT,2025-09-14,1.00065820855,1.008,0.9993,1.0007640925999999,52991340848.34499,2
USDT,2025-09-15,1.00075920055,1.013,0.992,1.0001651847500002,69606763706.95,2
USDT,2025-09-16,1.0001375525,1.002,0.9827,1.0002119872000002,58315860464.485,2
USDT,2025-09-17,1.0002755049999998,1.008,0.9854,1.000225077,77137122051.555,2
USDT,2025-09-18,1.0001982499,1.008,0.9919,1.0000634261,71120399513.595,2
USDT,2025-09-19,1.00009930985,1.016,0.9958,1.0007730011999998,56086530450.865,2
USDT,2025-09-20,1.0007828419,1.0012248584,1.0,1.00018777665,39410796744.395004,2
USDT,2025-09-21,1.00070194865,1.006,1.0,1.00071166105,42289761952.97,2
USDT,2025-09-22,1.00072529675,1.025,0.9944,1.0009891115,96120879327.49,2
USDT,2025-09-23,1.0010268585,1.012,0.9957,1.0000811917,64878135372.56,2
USDT,2025-09-24,1.0000811219,1.006,0.9807,1.0006321910999998,63966740092.53,2
USDT,2025-09-25,1.00063365445,1.042,0.997,1.0007353036,100949014470.55,2
USDT,2025-09-26,1.00070311545,1.007,0.9913,1.0007391347499999,77170771985.52,2
USDT,2025-09-27,1.00074261095,1.002,0.9957,1.0007297988,41584331762.21,2
USDT,2025-09-28,1.00073820675,1.002,0.9743,1.0006748607999998,46065434341.32,2
USDT,2025-09-29,1.0005948665,1.002,0.9765,1.00078052855,74799338377.48499,2
USDT,2025-09-30,1.0007342880499999,1.007,0.9885,1.00004813765,70808599981.41501,2
USDT,2025-10-01,1.0000568392,1.0010430908,0.9613,1.0007556982999999,80172268176.69499,2
USDT,2025-10-02,1.0007414285,1.005,0.982,1.0008538872,84743503066.48001,2
USDT,2025-10-03,1.00077877595,1.014,0.9764,1.0007470114,90357796057.695,2
USDT,2025-10-04,1.0007509888,1.004,0.9935,1.00067305185,49691491120.215,2
USDT,2025-10-05,1.00066520975,1.018,0.9897,1.00009893415,79304056754.36,2
USDT,2025-10-06,1.0000866469,1.013,0.9879,1.00060765445,84187703161.145,2
USDT,2025-10-07,1.0,1.001,1.0,1.0,371632404.94,1
XRP,2025-07-08,2.2740759265,2.3197077463,2.2500700712,2.3112337183,3096977786.69,1
XRP,2025-07-09,2.3111168591,2.429,2.298,2.40531810225,2754560862.1200004,2
XRP,2025-07-10,2.40531810225,2.569,2.395,2.5468413977,3285341264.08,2
XRP,2025-07-11,2.5468155577,2.976,2.512,2.73393191075,8626831597.65,2
XRP,2025-07-12,2.7339250614,2.848,2.664,2.738817846,4618200096.565,2
XRP,2025-07-13,2.738817846,2.895,2.725,2.8364705149000002,3854274733.425,2
XRP,2025-07-14,2.8364616474,3.035,2.823,2.95698850395,6772887268.445001,2
XRP,2025-07-15,2.9569419133,2.959,2.805,2.9194758618999996,4776914501.97,2
XRP,2025-07-16,2.91947388455,3.102,2.878,3.04020236885,4831277585.120001,2
XRP,2025-07-17,3.04018890565,3.552,2.989,3.4895642775,10508356483.385,2
XRP,2025-07-18,3.4894584855,3.665,3.346,3.41710592515,10056656274.34,2
XRP,2025-07-19,3.41708005335,3.487,3.356,3.4282027998,3642843483.715,2
XRP,2025-07-20,3.42819250405,3.559,3.388,3.45776461005,4742673257.565,2
XRP,2025-07-21,3.45776902185,3.652,3.41,3.5538823709000003,5236902913.195,2
XRP,2025-07-22,3.5538186996,3.581,3.424,3.55183781635,4893067718.275001,2
XRP,2025-07-23,3.5518361715999998,3.554,3.05,3.1854648084,7379949535.635,2
XRP,2025-07-24,3.1854700871999997,3.268,2.96,3.1454472746,6738374688.66,2
XRP,2025-07-25,3.1454457085499996,3.163,3.001,3.1423600726,4756301103.78,2
XRP,2025-07-26,3.1423421864999996,3.219,3.109,3.1672671160499997,2213744553.485,2
XRP,2025-07-27,3.1672096573,3.252,3.158,3.2406410188,2680329734.19,2
XRP,2025-07-28,3.24062467215,3.332,3.108,3.11942090225,4361505473.495,2
XRP,2025-07-29,3.11945081825,3.186,3.054,3.1282156366000002,3382588155.325,2
XRP,2025-07-30,3.1282156366000002,3.162,3.001,3.09718807055,3544780590.415,2
XRP,2025-07-31,3.09713810995,3.177,3.012,3.0240847831,2932711678.36,2
XRP,2025-08-01,3.0240560697500003,3.058,2.893,2.96229844175,5144598752.505,2
XRP,2025-08-02,2.9622420393,3.019,2.74,2.7676860743500002,3693576161.315,2
XRP,2025-08-03,2.7677172841,2.962,2.728,2.94927199105,2934805909.6200004,2
XRP,2025-08-04,2.9492748026999998,3.091,2.932,3.07240524325,3285239732.5550003,2
XRP,2025-08-05,3.0724026607,3.106,2.916,2.9628741017999998,3099397354.5350003,2
XRP,2025-08-06,2.9628746668000003,3.019,2.902,2.9914440844500003,2515960598.36,2
XRP,2025-08-07,2.9914432689500003,3.334,2.965,3.31910379235,4378140646.125,2
XRP,2025-08-08,3.3191204263499996,3.383,3.204,3.28655981875,5793052237.785,2
XRP,2025-08-09,3.2865240709,3.348,3.211,3.2274417118,3081685031.245,2
XRP,2025-08-10,3.2274399466999997,3.279,3.153,3.18792822775,2930381486.785,2
XRP,2025-08-11,3.18793403415,3.333,3.119,3.1322569731999996,4630886350.85,2
XRP,2025-08-12,3.13224627705,3.305,3.105,3.2667530882999998,4716925154.675,2
XRP,2025-08-13,3.26675489645,3.334,3.203,3.27829564485,4725842878.715,2
XRP,2025-08-14,3.2782865536,3.352,3.007,3.08276090935,6539865896.825,2
XRP,2025-08-15,3.08277792055,3.145,3.004,3.0793336643,3774434751.0950003,2
XRP,2025-08-16,3.07933439465,3.158,3.074,3.1075698093,2197794667.395,2
XRP,2025-08-17,3.1075640256500003,3.149,3.079,3.08952062975,1963634392.96,2
XRP,2025-08-18,3.089521199,3.098,2.942,3.06174134795,4309602849.3,2
XRP,2025-08-19,3.06174360825,3.082,2.849,2.8564619901999997,3788050738.71,2
XRP,2025-08-20,2.8565328801999996,2.991,2.819,2.950874541,3763397721.345,2
XRP,2025-08-21,2.950874541,2.958,2.842,2.8507369916,2502014994.135,2
XRP,2025-08-22,2.8507565272999997,3.104,2.782,3.07438636785,5417649883.839999,2
XRP,2025-08-23,3.0743877515999998,3.0757881624,2.968,3.0471069432,2507540324.09,2
XRP,2025-08-24,3.0471130943,3.127,2.989,3.0254347456,3423956636.495,2
XRP,2025-08-25,3.0254386117000003,3.053,2.824,2.8601362175,3997015426.145,2
XRP,2025-08-26,2.8601291375,3.082,2.848,3.01260902265,3764354404.925,2
XRP,2025-08-27,3.0126159474,3.045,2.962,2.9678088822,3563260793.4799995,2
XRP,2025-08-28,2.9678599391500002,3.026,2.943,2.9665474868,3173572805.23,2
XRP,2025-08-29,2.9665247513,2.976,2.774,2.8209785206999998,4541520200.57,2
XRP,2025-08-30,2.8209665360000002,2.835,2.762,2.81809285285,2004399813.6000001,2
XRP,2025-08-31,2.81809548005,2.869,2.771,2.7763207488,1749115863.665,2
XRP,2025-09-01,2.7763406048499997,2.839,2.7,2.75584730675,4288539880.6549997,2
XRP,2025-09-02,2.7559189650500002,2.864,2.749,2.86192926635,3976534699.52,2
XRP,2025-09-03,2.8619238588,2.887,2.812,2.84494756285,2384201179.935,2
XRP,2025-09-04,2.84495233855,2.862,2.785,2.79541388165,2598413761.3450003,2
XRP,2025-09-05,2.79540846875,2.885,2.778,2.8151240165,3656796445.585,2
XRP,2025-09-06,2.8151240165,2.829,2.793,2.81042761445,1106583509.635,2
XRP,2025-09-07,2.81042761445,2.927,2.81,2.8777811267,2059320153.0649998,2
XRP,2025-09-08,2.8777779290499996,2.996,2.863,2.97020040695,3304746039.3999996,2
XRP,2025-09-09,2.97020156755,3.037,2.935,2.9468071543,3176158999.4849997,2
XRP,2025-09-10,2.9468048641999998,3.029,2.936,2.9828538999500003,2343142842.93,2
XRP,2025-09-11,2.9828628068,3.05,2.957,3.04096688025,2868794397.24,2
XRP,2025-09-12,3.0409709458,3.139,3.018,3.10732110515,3387365633.37,2
XRP,2025-09-13,3.1073089931,3.187,3.09,3.12123360085,3004343455.3250003,2
XRP,2025-09-14,3.12122327735,3.128,3.012,3.0307626646,2564797474.965,2
XRP,2025-09-15,3.03076076585,3.068,2.955,2.99705474105,3311457545.2149997,2
XRP,2025-09-16,2.9970554308499997,3.059,2.965,3.0382467864500002,2581762006.87,2
XRP,2025-09-17,3.0382462158,3.108,2.982,3.084995938,3517211762.555,2
XRP,2025-09-18,3.08497480025,3.141,3.057,3.0751346582999997,3424333695.775,2
XRP,2025-09-19,3.0751364863,3.095,2.981,2.99142617755,2728779279.125,2
XRP,2025-09-20,2.9914158902,3.011,2.968,2.97795928125,1652435782.67,2
XRP,2025-09-21,2.9779652499,3.015,2.954,2.9727047101,1602615933.0600002,2
XRP,2025-09-22,2.9727093248500003,2.977,2.711,2.85400484105,5359666959.88,2
XRP,2025-09-23,2.85401262375,2.898,2.802,2.82657833505,2933333474.855,2
XRP,2025-09-24,2.82656023915,2.997,2.79,2.92701737365,3347169280.565,2
XRP,2025-09-25,2.9270272476,2.945,2.726,2.74365926745,4983361122.514999,2
XRP,2025-09-26,2.74368221245,2.811,2.7,2.7854061530000003,4321961294.015,2
XRP,2025-09-27,2.7854021817500003,2.83,2.763,2.8068677242,1571142186.6149998,2
XRP,2025-09-28,2.8068571922,2.869,2.767,2.86779292895,1775911531.065,2
XRP,2025-09-29,2.86779345415,2.93,2.847,2.8818462067499997,2829036614.705,2
XRP,2025-09-30,2.8818316318,2.909,2.814,2.8469654295,2685794562.67,2
XRP,2025-10-01,2.84697099485,2.963,2.815,2.94813905855,3396096276.525,2
XRP,2025-10-02,2.94814718505,3.103,2.942,3.03966219745,4009928618.14,2
XRP,2025-10-03,3.03967128315,3.097,3.006,3.0414404238,3759534519.69,2
XRP,2025-10-04,3.0414433015,3.054,2.94,2.9696745356500003,2266989675.955,2
XRP,2025-10-05,2.9696725171500002,3.072,2.948,2.9703206725999998,2965509043.8900003,2
XRP,2025-10-06,2.9703083193,3.052,2.957,2.9898583201999998,3433580659.0299997,2
XRP,2025-10-07,2.989,3.003,2.873,2.88,324922735.74,1
