date,open,high,low,close,volume,source,symbol
2025-07-08,108298.2289745801,109198.9716164064,107499.5564675773,108950.2755431898,44282204126.95,CMC,BTC
2025-07-09,108950.2755431898,111925.3769468279,108357.6820315167,111326.5512690552,57927418064.83,CMC,BTC
2025-07-10,111329.1959809476,116608.7846761286,110660.749453081,115987.206196845,95911605727.89,CMC,BTC
2025-07-11,115986.2347970836,118856.4737392894,115245.6863485712,117516.9936684245,86928361084.93,CMC,BTC
2025-07-12,117530.7128957262,118219.9000427407,116977.0236976189,117435.2300531511,45524560304.01,CMC,BTC
2025-07-13,117432.2008458641,119449.5719060133,117265.4378645473,119116.1175492467,49021091807.15,CMC,BTC
2025-07-14,119115.7875096413,123091.612801368,118959.1967856346,119849.7057203147,181746419401.06,CMC,BTC
2025-07-15,119853.8484758277,119935.5604084972,115765.6867265961,117777.1889947756,98321661180.6,CMC,BTC
2025-07-16,117777.1889947756,120065.5186671818,117064.8215637211,118738.506038944,72162029070.46,CMC,BTC
2025-07-17,118738.506038944,120999.6071583501,117508.2160474774,119289.8421917949,72363841798.42,CMC,BTC
2025-07-18,119284.1117909389,120851.9178264544,116925.9812397523,118003.2244955267,77945799784.74,CMC,BTC
2025-07-19,117998.1273641834,118541.4017194511,117388.4106620181,117939.9787390508,47564562764.75,CMC,BTC
2025-07-20,117944.1092425224,118865.0340650434,116550.1361239857,117300.7857402877,57515447231.38,CMC,BTC
2025-07-21,117306.4669821287,119671.5641191938,116584.4003581047,117439.5358004276,69820091744.15,CMC,BTC
2025-07-22,117426.4981533992,120269.9664728629,116233.2261536595,119995.4155518337,79217583118.49,CMC,BTC
2025-07-23,119997.4426914491,120113.3505276606,117391.3908412902,118754.9571943315,66608604536.87,CMC,BTC
2025-07-24,118770.9814845992,119535.4547232326,117247.9721620243,118368.0032491776,72627318559.56,CMC,BTC
2025-07-25,118368.0032491776,118486.9789120807,114759.8232269854,117635.8810759376,104857024568.67,CMC,BTC
2025-07-26,117644.8440625216,118335.6855126882,117181.2278014952,117947.3662422036,48508954045.79,CMC,BTC
2025-07-27,117944.7296624648,119815.5973000797,117859.6870398229,119448.4903295397,54683390891.99,CMC,BTC
2025-07-28,119457.5219509422,119819.7899002832,117441.4374555872,117924.4729527151,64822943193.08,CMC,BTC
2025-07-29,117938.5843592765,119273.8700927401,116987.3709425315,117922.1478369023,68463107433.08,CMC,BTC
2025-07-30,117921.994085928,118780.7267231115,115800.8267999549,117831.1913846234,68896148591.57,CMC,BTC
2025-07-31,117833.6296441243,118919.9847071668,115505.2222705249,115758.2039287926,69370346017.86,CMC,BTC
2025-08-01,115738.9552122482,116060.7726221091,112724.4429861371,113320.0859723028,91294530181.27,CMC,BTC
2025-08-02,113320.3943575693,114021.6051420114,112005.7690998997,112526.9146425111,56870865999.63,CMC,BTC
2025-08-03,112525.8033291329,114747.4233705746,111943.8044176949,114217.6729691043,48099615825.72,CMC,BTC
2025-08-04,114223.9232850182,115729.4719751785,114130.4031651607,115071.8843242656,35783028986.15,CMC,BTC
2025-08-05,115072.1845577423,115117.435936834,112701.1104004737,114141.4417283514,61039182286.4,CMC,BTC
2025-08-06,114140.9135797144,115737.8332345879,113372.2490313312,115027.9964133688,56379133509.58,CMC,BTC
2025-08-07,115030.052227047,117676.9054547107,114279.7120182548,117496.8973967761,64051649680.54,CMC,BTC
2025-08-08,117505.4973904093,117689.2014548342,115917.4580942841,116688.7254122597,59713005166.12,CMC,BTC
2025-08-09,116678.2756898164,117906.6117650913,116363.8351546953,116500.3620579945,54004312428.99,CMC,BTC
2025-08-10,116497.7165764095,119320.7140863204,116485.1660488103,119306.7614218206,64755458694.47,CMC,BTC
2025-08-11,119306.8107653633,122321.0974354062,118159.028541729,118731.4470327152,90528784177.43,CMC,BTC
2025-08-12,118717.6624479562,120302.4706699823,118228.7221977164,120172.9070599404,72803657984.3,CMC,BTC
2025-08-13,120168.977702397,123682.4533707836,118939.6312946595,123344.0598056487,90904808794.95,CMC,BTC
2025-08-14,123339.3953878563,124457.1168703663,117254.8826387024,118359.5805705313,104055627395.48,CMC,BTC
2025-08-15,118365.7843911702,119332.3117554601,116864.5734769494,117398.3479829685,68665353159.16,CMC,BTC
2025-08-16,117398.42308612,117996.0633477344,117271.9524040262,117491.3483895253,48036922377.96,CMC,BTC
2025-08-17,117492.7885821931,118595.7762507132,117279.5209703975,117453.0627100409,45852169525.35,CMC,BTC
2025-08-18,117453.9063856625,117614.1711543471,114723.6824023118,116252.3119358528,72787808089.51,CMC,BTC
2025-08-19,116241.8565498179,116764.4962913425,112730.3986887454,112831.1759943522,71657600352.99,CMC,BTC
2025-08-20,112828.0213893074,114625.7961371925,112387.9619617084,114274.7407842478,67993811525.52,CMC,BTC
2025-08-21,114275.6841476792,114802.6496262389,111986.2347013088,112419.0275001688,57817883699.69,CMC,BTC
2025-08-22,112433.7307832327,117377.3986676667,111678.9486069826,116874.0874716783,82528088239.59,CMC,BTC
2025-08-23,116866.3678373747,116996.2531990844,114536.108256073,115374.331193013,55377142585.98,CMC,BTC
2025-08-24,115387.3913229719,115615.0840495,111060.5448753841,113458.4322355685,73961489632.02,CMC,BTC
2025-08-25,113456.8946803248,113637.8418561592,109324.2801964692,110124.350927514,85706860189.64,CMC,BTC
2025-08-26,110124.1054283366,112397.0129681116,108762.0355834599,111802.655570345,69396320316.88,CMC,BTC
2025-08-27,111795.7082674864,112619.4155077651,110398.2624723931,111222.0607170952,62137056408.51,CMC,BTC
2025-08-28,111219.0511864502,113450.0764898825,110900.9244463829,112544.8019855007,58860155962.4,CMC,BTC
2025-08-29,112550.5200780888,112619.0530334579,107559.6243034287,108410.8381422406,77843379643.52,CMC,BTC
2025-08-30,108409.4049568393,108929.3486691764,107444.443172336,108808.0717128957,51486264207.9,CMC,BTC
2025-08-31,108818.4610841382,109490.9995067257,108104.6558106907,108236.7098959993,47986191770.07,CMC,BTC
2025-09-01,108228.7470722929,109890.5848562763,107271.183408171,109250.5947969764,66870372995.2,CMC,BTC
2025-09-02,109243.0673274592,111748.0126677789,108454.0286421436,111200.5872122159,74776999490.97,CMC,BTC
2025-09-03,111190.6986883387,112600.2245973486,110582.9581038985,111723.2133253295,61119643564.64,CMC,BTC
2025-09-04,111718.1491354521,112208.3283429949,109347.2252267814,110723.6000805153,60131132900.9,CMC,BTC
2025-09-05,110723.0145434385,113357.4891909155,110233.3952001083,110650.988279402,60241647677.23,CMC,BTC
2025-09-06,110650.5717222438,111275.0150835858,110024.0841394861,110224.6977364094,21500719035.81,CMC,BTC
2025-09-07,110221.325878985,111591.0756053685,110211.6215475936,111167.6195183032,24618007519.76,CMC,BTC
2025-09-08,111163.0177975035,112869.2356980465,110630.6055984677,112071.4310885385,40212813406.78,CMC,BTC
2025-09-09,112077.5772737136,113225.4400409729,110776.7003083141,111530.5499815784,45984480722.09,CMC,BTC
2025-09-10,111531.2478804626,114275.2527809912,110940.076862647,113955.3589546047,56377473784.11,CMC,BTC
2025-09-11,113961.4280938375,115522.5438696033,113453.8393085089,115507.5375268541,45685065332.3,CMC,BTC
2025-09-12,115507.7929561424,116769.3825253667,114794.4843507292,116101.5808964756,54785725894.45,CMC,BTC
2025-09-13,116093.5595234273,116334.6335516459,115248.2758530589,115950.5050492249,34549454946.66,CMC,BTC
2025-09-14,115950.292319112,116181.4992231369,115222.3963213323,115407.6544474289,32798036056.78,CMC,BTC
2025-09-15,115399.6311438108,116747.87923585,114461.0631650978,115444.8727083374,52937859416.04,CMC,BTC
2025-09-16,115423.7546416593,117005.2758521778,114813.0925685001,116843.1842506891,45781744592.98,CMC,BTC
2025-09-17,116840.5069392953,117328.6057367203,114794.9732017913,116468.5073895201,60528025996.3,CMC,BTC
2025-09-18,116461.2627060922,117911.7883364225,116188.7951577832,117137.2024600838,49457272032.38,CMC,BTC
2025-09-19,117137.6733468891,117479.7542796512,115141.8172917535,115688.8628180112,38828473971.12,CMC,BTC
2025-09-20,115691.1284812904,116191.1480749243,115473.5242788556,115721.9582075807,22864449614.47,CMC,BTC
2025-09-21,115730.2258386475,115901.0895538419,115252.5800841244,115306.097161289,22495852193.17,CMC,BTC
2025-09-22,115309.222122245,115431.3090850724,112037.6446900417,112748.5056232456,70684158591.15,CMC,BTC
2025-09-23,112757.4755546424,113351.9119799029,111535.5672804001,112014.4996765164,47211853278.67,CMC,BTC
2025-09-24,112007.6665159038,113986.2712296583,111229.6388187999,113328.6304088566,48044595084.74,CMC,BTC
2025-09-25,113330.1657194348,113541.0870248223,108713.3961781124,109049.2879570017,75528654283.63,CMC,BTC
2025-09-26,109041.2945010783,110359.1940689565,108728.9779668343,109712.831518274,57738288948.87,CMC,BTC
2025-09-27,109707.1410183108,109778.4989171804,109144.293006297,109681.9424831994,26308042910.14,CMC,BTC
2025-09-28,109681.9472995241,112375.4821431246,109236.9477444889,112122.6391506148,33371048505.29,CMC,BTC
2025-09-29,112117.8787939277,114473.5698924135,111589.9506804949,114400.3864282159,60000147465.61,CMC,BTC
2025-09-30,114396.5202405992,114836.6154245154,112740.5647473063,114056.0836474993,58986330258.25,CMC,BTC
2025-10-01,114057.5921833042,118648.9285878715,113981.3959687741,118648.9285878715,71328680131.6,CMC,BTC
2025-10-02,118652.3858956064,121086.4072410014,118383.158156396,120681.2597233421,71415163911.62,CMC,BTC
2025-10-03,120656.9820226288,123944.7049588617,119344.3110051809,122266.5327281923,83941392228.12,CMC,BTC
2025-10-04,122267.4697710939,122857.6402020046,121577.5714027949,122425.4287295425,36769171734.75,CMC,BTC
2025-10-05,122419.6706881838,125559.2087470555,122191.9581408905,123513.4737139671,73689317763.05,CMC,BTC
2025-10-06,123510.4499683878,126198.0696034339,123196.0489024402,124752.5283520974,72568881188.34,CMC,BTC
2025-07-09,108955.05,112077.21,108341.92,111291.7,2177951432.55,CC,BTC
2025-07-10,111291.7,116848.31,110555.52,116023.34,3616719327.76,CC,BTC
2025-07-11,116023.34,118890.32,115236.69,117573.92,3060911543.15,CC,BTC
2025-07-12,117573.92,118239.99,116954.09,117468.16,869899617.34,CC,BTC
2025-07-13,117468.16,119503.56,117264.6,119127.66,1133368267.75,CC,BTC
2025-07-14,119127.66,123220.28,118951.55,119869.01,3784774921.45,CC,BTC
2025-07-15,119869.01,119958.94,115709.64,117777.9,5881848280.87,CC,BTC
2025-07-16,117777.9,120122.22,117043.92,118700.37,3310853209.79,CC,BTC
2025-07-17,118700.37,121020.95,117485.98,119282.74,3000532789.4,CC,BTC
2025-07-18,119282.74,120911.16,116902.92,118025.92,3096339405.33,CC,BTC
2025-07-19,118025.92,118572.53,117339.41,117913.27,791893576.81,CC,BTC
2025-07-20,117913.27,118903.91,116533.22,117328.61,1081488186.29,CC,BTC
2025-07-21,117328.61,119712.2,116581.7,117441.75,2187836280.67,CC,BTC
2025-07-22,117441.75,120298.65,116186.23,120023.5,2607540535.18,CC,BTC
2025-07-23,120023.5,120167.5,117361.89,118808.78,2029832616.05,CC,BTC
2025-07-24,118808.78,119555.88,117214.42,118397.33,2128340080.84,CC,BTC
2025-07-25,118397.33,118523.27,114756.37,117644.11,5546818211.88,CC,BTC
2025-07-26,117644.11,118355.11,117143.68,117971.27,1291296798.52,CC,BTC
2025-07-27,117971.27,119808.28,117872.15,119468.71,1228024808.19,CC,BTC
2025-07-28,119468.71,119835.44,117403.28,118059.92,2142740462.44,CC,BTC
2025-07-29,118059.92,119285.96,116933.73,117942.11,2073820445.19,CC,BTC
2025-07-30,117942.11,118800.1,115769.47,117853.3,2153325010.48,CC,BTC
2025-07-31,117853.3,118927.15,115493.77,115765.36,1991848800.07,CC,BTC
2025-08-01,115765.36,116060.68,112682.82,113263.48,3851719228.71,CC,BTC
2025-08-02,113263.48,114033.98,112006.36,112546.32,1407609649.0,CC,BTC
2025-08-03,112546.32,114803.51,111925.95,114238.83,947196437.08,CC,BTC
2025-08-04,114238.83,115744.56,114140.41,115065.9,1662390456.96,CC,BTC
2025-08-05,115065.9,115111.39,112629.49,114127.63,1925704360.18,CC,BTC
2025-08-06,114127.63,115748.22,113364.73,115038.45,1659630182.7,CC,BTC
2025-08-07,115038.45,117690.87,114288.63,117522.28,1904030478.64,CC,BTC
2025-08-08,117522.28,117698.38,115895.35,116692.86,1702088353.29,CC,BTC
2025-08-09,116692.86,117940.29,116360.05,116501.28,926558904.04,CC,BTC
2025-08-10,116501.28,119320.76,116496.35,119311.7,1248946431.14,CC,BTC
2025-08-11,119311.7,122309.71,118106.91,118714.58,3086540255.03,CC,BTC
2025-08-12,118714.58,120325.99,118214.28,120128.24,2172908089.75,CC,BTC
2025-08-13,120128.24,123735.38,118948.18,123374.56,3321096939.91,CC,BTC
2025-08-14,123374.56,124532.7,117241.12,118391.59,4249355541.57,CC,BTC
2025-08-15,118391.59,119335.93,116865.92,117440.09,2327158152.31,CC,BTC
2025-08-16,117440.09,118000.57,117242.73,117469.52,753827490.14,CC,BTC
2025-08-17,117469.52,118639.81,117268.69,117488.0,791200441.51,CC,BTC
2025-08-18,117488.0,117627.66,114716.49,116292.15,2634618667.75,CC,BTC
2025-08-19,116292.15,116789.95,112738.04,112870.67,3006851749.91,CC,BTC
2025-08-20,112870.67,114642.26,112387.14,114291.37,2610717313.9,CC,BTC
2025-08-21,114291.37,114816.84,111993.84,112491.84,2256735254.8,CC,BTC
2025-08-22,112491.84,117428.1,111675.14,116909.79,3261042644.22,CC,BTC
2025-08-23,116909.79,117003.31,114533.54,115391.76,955311763.7,CC,BTC
2025-08-24,115391.76,115626.28,110860.71,113486.67,1932434686.25,CC,BTC
2025-08-25,113486.67,113648.57,109292.22,110150.15,3708998747.39,CC,BTC
2025-08-26,110150.15,112407.53,108701.29,111805.93,2999152225.36,CC,BTC
2025-08-27,111805.93,112669.11,110381.63,111276.98,2440706983.66,CC,BTC
2025-08-28,111276.98,113487.65,110887.39,112582.21,1898278605.83,CC,BTC
2025-08-29,112582.21,112646.73,107512.41,108393.15,3185827654.7,CC,BTC
2025-08-30,108393.15,108937.23,107381.29,108833.53,1049906247.96,CC,BTC
2025-08-31,108833.53,109510.25,108095.95,108273.72,990157824.59,CC,BTC
2025-09-01,108273.72,109913.29,107271.39,109256.28,2365084072.12,CC,BTC
2025-09-02,109256.28,111796.23,108420.77,111245.94,2993969175.78,CC,BTC
2025-09-03,111245.94,112601.73,110556.54,111751.51,2132239039.57,CC,BTC
2025-09-04,111751.51,112225.93,109345.22,110732.33,2162838407.83,CC,BTC
2025-09-05,110732.33,113400.39,110217.27,110676.99,3163045481.16,CC,BTC
2025-09-06,110676.99,111320.3,110019.89,110230.16,734143439.06,CC,BTC
2025-09-07,110230.16,111607.85,110215.7,111143.24,720954382.33,CC,BTC
2025-09-08,111143.24,112937.76,110628.16,112089.06,1829788896.49,CC,BTC
2025-09-09,112089.06,113293.12,110777.59,111549.14,2108163610.41,CC,BTC
2025-09-10,111549.14,114341.92,110940.58,113988.2,2661952161.9,CC,BTC
2025-09-11,113988.2,115543.74,113457.52,115537.84,2096575532.81,CC,BTC
2025-09-12,115537.84,116816.49,114785.3,116116.26,2412089976.27,CC,BTC
2025-09-13,116116.26,116361.05,115207.42,115971.92,820638135.29,CC,BTC
2025-09-14,115971.92,116227.37,115203.8,115351.87,843593558.49,CC,BTC
2025-09-15,115351.87,116808.07,114427.7,115401.06,2137738674.14,CC,BTC
2025-09-16,115401.06,117006.56,114765.74,116838.31,1890323067.86,CC,BTC
2025-09-17,116838.31,117331.11,114742.84,116488.17,2750924037.55,CC,BTC
2025-09-18,116488.17,117981.11,116134.78,117126.46,2253362090.44,CC,BTC
2025-09-19,117126.46,117510.96,115150.85,115701.97,1947524484.47,CC,BTC
2025-09-20,115701.97,116202.27,115488.37,115756.07,694697640.09,CC,BTC
2025-09-21,115756.07,115900.98,115262.9,115299.83,626782372.11,CC,BTC
2025-09-22,115299.83,115439.04,112027.44,112747.85,3197786129.9,CC,BTC
2025-09-23,112747.85,113372.59,111518.32,112043.66,2080069063.95,CC,BTC
2025-09-24,112043.66,114013.4,111118.7,113360.69,1988342351.86,CC,BTC
2025-09-25,113360.69,113559.7,108664.26,109061.11,3874673081.63,CC,BTC
2025-09-26,109061.11,110387.27,108695.14,109723.94,3057709370.2,CC,BTC
2025-09-27,109723.94,109822.37,109156.33,109727.42,778286679.14,CC,BTC
2025-09-28,109727.42,112406.99,109280.14,112226.65,1316899924.45,CC,BTC
2025-09-29,112226.65,114496.59,111625.37,114407.08,2209223703.69,CC,BTC
2025-09-30,114407.08,114866.53,112727.79,114078.18,2612642606.56,CC,BTC
2025-10-01,114078.18,118722.74,114004.91,118666.73,3288729604.9,CC,BTC
2025-10-02,118666.73,121107.24,118356.65,120630.71,3348607182.92,CC,BTC
2025-10-03,120630.71,123996.37,119348.63,122318.86,4338240508.78,CC,BTC
2025-10-04,122318.86,122898.15,121598.23,122455.39,1218962839.87,CC,BTC
2025-10-05,122455.39,125748.81,122213.36,123535.21,2703677561.24,CC,BTC
2025-10-06,123535.21,126287.29,123143.47,124723.0,3478551798.53,CC,BTC
2025-10-07,124723.0,125225.23,120909.81,121202.11,2464510657.99,CC,BTC
2025-07-11,108946.0,116462.0,108369.0,115880.0,56204086624.04028,CG,BTC
2025-07-15,115961.0,122838.0,115548.0,119834.0,68915956378.80447,CG,BTC
2025-07-19,119849.0,120689.0,116094.0,117989.0,58896449260.69391,CG,BTC
2025-07-23,118003.0,120222.0,116779.0,119956.0,58939000420.94166,CG,BTC
2025-07-27,119959.0,119959.0,115086.0,117960.0,25145925063.881348,CG,BTC
2025-07-31,117906.0,119754.0,116079.0,117833.0,43054424656.58649,CG,BTC
2025-08-04,117828.0,118865.0,112113.0,114199.0,24689273719.085533,CG,BTC
2025-08-08,114235.0,117596.0,112770.0,117463.0,38289687095.00489,CG,BTC
2025-08-12,117483.0,122227.0,115979.0,118774.0,61739781527.95854,CG,BTC
2025-08-16,118727.0,124128.0,116956.0,117340.0,44268714220.021,CG,BTC
2025-08-20,117397.0,118514.0,112778.0,112778.0,46156885037.403885,CG,BTC
2025-08-24,112896.0,117310.0,111764.0,115360.0,27306719885.257973,CG,BTC
2025-08-28,115333.0,115549.0,109214.0,111216.0,36957904262.995804,CG,BTC
2025-09-01,111241.0,113329.0,107682.0,108253.0,26140904019.246822,CG,BTC
2025-09-05,108226.0,112502.0,107295.0,110725.0,38708366685.43147,CG,BTC
2025-09-09,110752.0,113225.0,110032.0,112025.0,37159847899.8603,CG,BTC
2025-09-13,112080.0,116705.0,110822.0,116160.0,51192951485.864395,CG,BTC
2025-09-17,116092.0,116970.0,114509.0,116763.0,39964451595.099724,CG,BTC
2025-09-21,116797.0,117888.0,114940.0,115716.0,18774953731.290394,CG,BTC
2025-09-25,115723.0,115858.0,111369.0,113321.0,46677543220.334526,CG,BTC
2025-09-29,113317.0,113492.0,108776.0,112143.0,31274654338.51212,CG,BTC
2025-10-03,112179.0,121044.0,111599.0,120612.0,71252850672.75252,CG,BTC
2025-10-07,120515.0,126080.0,119514.0,124774.0,75962884292.23154,CG,BTC
2025-07-08,2542.9727446559,2626.6644537649,2525.4377884757,2615.5057588635,17537487205.94,CMC,ETH
2025-07-09,2615.5057588635,2794.5186020188,2591.9469134308,2770.7776343245,27229452848.56,CMC,ETH
2025-07-10,2770.7373013563,2995.1521563718,2757.266597427,2954.8452179122,33929201260.58,CMC,ETH
2025-07-11,2954.8327786052,3038.141150031,2916.9564674111,2957.8861984773,36226558862.52,CMC,ETH
2025-07-12,2958.3337738103,2979.7799321359,2907.193557289,2942.9116629289,16317198253.87,CMC,ETH
2025-07-13,2942.8535792374,3016.3934648688,2938.7365409779,2973.3589886215,17361753131.37,CMC,ETH
2025-07-14,2973.2251481336,3079.9855110516,2965.3237904037,3013.3508592513,36349290556.46,CMC,ETH
2025-07-15,3013.2935772868,3142.4272221797,2934.3712335532,3139.8897178037,39013656111.94,CMC,ETH
2025-07-16,3139.8897178037,3422.6030095746,3102.4778428906,3371.5067228454,46771354460.72,CMC,ETH
2025-07-17,3371.5067228454,3521.6854072605,3315.9989356472,3476.784397665,47532846792.64,CMC,ETH
2025-07-18,3476.1239217243,3674.8552979649,3463.386221079,3549.0162446281,59198465810.11,CMC,ETH
2025-07-19,3548.9259966784,3608.2757297644,3512.9730952921,3595.2736693016,26031719745.61,CMC,ETH
2025-07-20,3595.2404885739,3819.3987823385,3582.3495245631,3759.4714417888,44600451065.6,CMC,ETH
2025-07-21,3758.92057684,3856.7670768934,3705.3538614511,3763.3712526998,42611467662.53,CMC,ETH
2025-07-22,3762.8820998718,3798.1003208867,3624.1404012449,3749.1454360316,45248868820.37,CMC,ETH
2025-07-23,3749.2384563066,3765.026361838,3532.8565628005,3629.703538566,41283228952.7,CMC,ETH
2025-07-24,3629.7315720529,3771.3814799124,3514.9993364041,3708.0057054824,40377960354.44,CMC,ETH
2025-07-25,3708.0057054824,3744.8200042808,3579.962848808,3727.2668943161,42264509576.87,CMC,ETH
2025-07-26,3727.2372445381,3789.7897427136,3702.774166314,3741.3961036678,24635287360.9,CMC,ETH
2025-07-27,3741.2572612588,3876.9335207483,3733.6816438724,3875.246471143,28897450393.68,CMC,ETH
2025-07-28,3875.2557898802,3940.6520493334,3756.5159005689,3787.4256976649,35831336148.75,CMC,ETH
2025-07-29,3788.3194726511,3883.9976950175,3716.883394445,3793.4549246853,35540435995.43,CMC,ETH
2025-07-30,3793.5825685226,3832.8841091624,3683.1445684189,3808.2016783566,34392494234.67,CMC,ETH
2025-07-31,3808.2460282944,3877.4702798619,3685.0041536016,3696.7077813639,32839839444.42,CMC,ETH
2025-08-01,3696.1443773385,3722.5856125894,3432.3798560149,3488.3659315359,46261558199.7,CMC,ETH
2025-08-02,3487.9567001276,3535.5588470266,3370.9431897402,3392.7412703997,30165065282.06,CMC,ETH
2025-08-03,3392.7443524102,3520.8313565374,3357.9389396324,3497.3791070805,19363593864.91,CMC,ETH
2025-08-04,3497.6129223344,3734.9775988486,3491.5549940154,3718.9860330916,30905749657.87,CMC,ETH
2025-08-05,3719.8178066416,3720.6565244075,3547.6209898787,3611.8993035851,32778742296.09,CMC,ETH
2025-08-06,3612.0387970919,3698.1246900243,3567.0959925167,3683.9206273875,26924415762.5,CMC,ETH
2025-08-07,3684.0619853703,3926.2042305579,3650.3659108269,3914.325937012,38627826065.72,CMC,ETH
2025-08-08,3914.1106196013,4068.847641522,3882.4431822499,4009.8489940375,45460293892.34,CMC,ETH
2025-08-09,4009.1506729771,4323.7611472193,4007.7093203486,4263.5989346759,45279715746.34,CMC,ETH
2025-08-10,4263.5525035647,4332.2102055308,4163.9402991604,4254.2175966744,36173931366.69,CMC,ETH
2025-08-11,4254.2313482658,4362.0927008388,4168.8749008553,4226.9670252014,49989853802.5,CMC,ETH
2025-08-12,4227.2072746256,4634.0551769273,4222.3622531402,4590.9250193365,57237189035.8,CMC,ETH
2025-08-13,4590.6575179696,4784.6688542511,4566.2387206961,4756.2758757222,62550014641.51,CMC,ETH
2025-08-14,4756.0433482274,4788.5518029889,4461.2815133588,4548.1666260726,75681632805.73,CMC,ETH
2025-08-15,4549.0754978462,4667.7302183239,4375.5453190434,4439.9886331233,55445715823.99,CMC,ETH
2025-08-16,4439.9981821384,4493.149351283,4379.1643938576,4426.1803113344,26816931513.69,CMC,ETH
2025-08-17,4426.2599161927,4575.876352397,4400.7135185798,4473.2715559761,31348101437.86,CMC,ETH
2025-08-18,4473.3304672639,4484.0095312098,4229.3796988368,4312.5050093174,53518423360.04,CMC,ETH
2025-08-19,4312.5303734145,4355.0752354721,4070.5354377299,4073.4642014243,50440367101.82,CMC,ETH
2025-08-20,4073.1682593067,4376.789495849,4064.9650478482,4334.5003930871,49577862965.42,CMC,ETH
2025-08-21,4334.5675592962,4338.8263941248,4205.7766224422,4223.2098532759,33618359941.64,CMC,ETH
2025-08-22,4223.7308939878,4884.2280175715,4209.4722061336,4831.3487230165,75965521535.02,CMC,ETH
2025-08-23,4831.0882030899,4831.610686537,4669.7249290239,4776.0903527934,36503623277.66,CMC,ETH
2025-08-24,4776.7047831539,4953.7329137686,4714.4728584323,4779.6473316152,52405003873.18,CMC,ETH
2025-08-25,4779.7694672139,4796.3501262192,4343.9472434266,4372.9877668349,63936163544.92,CMC,ETH
2025-08-26,4372.8802749653,4632.0732218517,4316.3005934442,4600.4267415471,53829747706.29,CMC,ETH
2025-08-27,4600.5102393215,4659.9875280606,4489.2977102011,4503.3928436231,43509902322.18,CMC,ETH
2025-08-28,4503.6311645677,4629.0312807639,4435.1093005494,4507.1776761205,36045274077.94,CMC,ETH
2025-08-29,4507.6315433608,4513.8594977412,4272.4593945001,4360.1530059699,46899991962.03,CMC,ETH
2025-08-30,4360.0889015889,4413.2749022347,4264.1954316483,4374.153377662,25883112278.16,CMC,ETH
2025-08-31,4374.8934336974,4497.1769815853,4373.5968927219,4390.0191302417,26683044983.7,CMC,ETH
2025-09-01,4389.6260794621,4490.3466308368,4221.2474557725,4314.4704289978,37530746508.04,CMC,ETH
2025-09-02,4314.3910880816,4414.9342503781,4260.4592762204,4325.3658398186,39884692333.99,CMC,ETH
2025-09-03,4324.696399006,4489.1985052792,4286.2060968628,4450.3889587396,35260873496.79,CMC,ETH
2025-09-04,4450.215912826,4483.4510120426,4268.5887707341,4298.7442224093,34919798552.38,CMC,ETH
2025-09-05,4298.8370518843,4484.3614556964,4258.0497653417,4306.9889316018,44163736675.93,CMC,ETH
2025-09-06,4306.9732283384,4327.4397777543,4244.7550779829,4274.242062903,18108246446.49,CMC,ETH
2025-09-07,4274.1668054703,4334.2744077192,4271.5340905199,4305.3476683497,17426783535.87,CMC,ETH
2025-09-08,4305.3811442077,4381.275038316,4279.971980202,4308.0723177354,32277142377.91,CMC,ETH
2025-09-09,4308.2832118592,4381.2266490583,4277.8528504265,4309.0415754543,30703320924.99,CMC,ETH
2025-09-10,4309.0915826679,4450.4181577939,4286.0623814924,4349.1461490643,39521365145.59,CMC,ETH
2025-09-11,4349.2003012397,4471.6986051888,4339.7166563778,4461.2333326552,35959212991.11,CMC,ETH
2025-09-12,4461.4792570091,4734.2737886287,4453.28473268,4715.2463099665,43839753626.28,CMC,ETH
2025-09-13,4714.703579182,4763.361237239,4609.1255299934,4668.1797951756,34843845976.8,CMC,ETH
2025-09-14,4668.1713650971,4690.6418566728,4581.846964773,4609.5976124304,28394160274.52,CMC,ETH
2025-09-15,4609.7230116142,4670.530051249,4469.8614373781,4526.8202452582,40224062008.78,CMC,ETH
2025-09-16,4526.0781988425,4537.5996783826,4428.330126307,4503.5646113406,32761501436.4,CMC,ETH
2025-09-17,4503.6356814111,4617.2346908668,4429.6444970622,4592.7333695858,44120899416.67,CMC,ETH
2025-09-18,4592.4427605281,4643.972430282,4556.2701311401,4589.9190472981,33497259157.97,CMC,ETH
2025-09-19,4589.5056900603,4620.7928209427,4443.2647476704,4470.9170788336,30352619652.62,CMC,ETH
2025-09-20,4470.9785670111,4509.8118894505,4459.1593688534,4482.2656017202,18056494321.84,CMC,ETH
2025-09-21,4482.5840160202,4499.3890919,4447.1193628613,4451.3289723137,19330306132.7,CMC,ETH
2025-09-22,4451.5806532172,4457.0825687805,4092.3967072106,4202.877304239,58221334532.83,CMC,ETH
2025-09-23,4203.0215183661,4227.7315671691,4120.8153145207,4165.5039099082,32460075910.51,CMC,ETH
2025-09-24,4165.4125766006,4206.9019297275,4081.3476172151,4153.4691550776,33538388785.46,CMC,ETH
2025-09-25,4153.5209298063,4162.0623447362,3829.0108259988,3868.334060876,68963092030.56,CMC,ETH
2025-09-26,3868.6909517184,4069.1686724248,3868.4335626315,4035.8878258266,47873508327.81,CMC,ETH
2025-09-27,4035.9144643244,4038.4515898396,3975.7581113991,4018.6582363572,20382555776.24,CMC,ETH
2025-09-28,4018.6596594101,4143.0040923327,3969.7929522855,4141.4765020661,24631307053.8,CMC,ETH
2025-09-29,4141.356419171,4234.7827704481,4087.9273416449,4217.3415851884,38560429932.16,CMC,ETH
2025-09-30,4217.055000846,4238.6714306587,4095.4435437931,4145.957727202,37679153329.73,CMC,ETH
2025-10-01,4146.0336095063,4351.1123940134,4125.5420627432,4351.1123940134,46161664723.13,CMC,ETH
2025-10-02,4352.240536233,4517.6651033078,4336.5264880681,4487.9240417001,48074066058.4,CMC,ETH
2025-10-03,4486.9345115802,4591.4436863822,4431.4790983999,4514.870454925,49603450229.51,CMC,ETH
2025-10-04,4514.9092676747,4519.526671007,4444.0126881219,4489.1972307563,21832270764.34,CMC,ETH
2025-10-05,4489.0534464035,4616.5334391076,4472.1386430196,4515.4229801185,44880806324.3,CMC,ETH
2025-10-06,4515.3006029651,4736.2092203282,4492.8699689232,4687.7714716055,44992456373.95,CMC,ETH
2025-07-09,2616.29,2796.41,2590.85,2769.99,1401139415.9,CC,ETH
2025-07-10,2769.99,3000.74,2756.79,2951.31,1744393184.02,CC,ETH
2025-07-11,2951.31,3039.9,2914.32,2959.03,1980022543.13,CC,ETH
2025-07-12,2959.03,2980.71,2905.43,2944.27,689836595.19,CC,ETH
2025-07-13,2944.27,3021.17,2937.49,2973.01,768491471.97,CC,ETH
2025-07-14,2973.01,3083.04,2964.19,3014.66,1733654671.96,CC,ETH
2025-07-15,3014.66,3144.48,2933.53,3139.33,1864246145.13,CC,ETH
2025-07-16,3139.33,3425.33,3101.74,3373.1,2498357116.86,CC,ETH
2025-07-17,3373.1,3526.44,3312.55,3479.48,2597432476.09,CC,ETH
2025-07-18,3479.48,3676.78,3462.02,3549.56,3107895984.56,CC,ETH
2025-07-19,3549.56,3610.57,3510.16,3594.34,978223077.89,CC,ETH
2025-07-20,3594.34,3825.1,3581.09,3758.64,1803996590.01,CC,ETH
2025-07-21,3758.64,3859.77,3703.91,3764.26,2235864180.81,CC,ETH
2025-07-22,3764.26,3800.87,3618.98,3748.64,2350611646.53,CC,ETH
2025-07-23,3748.64,3766.35,3528.71,3630.21,2237459018.02,CC,ETH
2025-07-24,3630.21,3775.3,3510.45,3708.76,2321023591.06,CC,ETH
2025-07-25,3708.76,3750.35,3575.42,3726.01,2367987074.41,CC,ETH
2025-07-26,3726.01,3794.86,3700.41,3742.79,785620815.9,CC,ETH
2025-07-27,3742.79,3880.83,3732.24,3874.12,981387021.29,CC,ETH
2025-07-28,3874.12,3941.6,3754.34,3798.95,1977987690.88,CC,ETH
2025-07-29,3798.95,3885.97,3716.15,3793.46,1799411630.81,CC,ETH
2025-07-30,3793.46,3833.7,3677.33,3810.29,1576605891.64,CC,ETH
2025-07-31,3810.29,3878.33,3684.07,3698.19,1411476606.14,CC,ETH
2025-08-01,3698.19,3723.77,3430.49,3487.02,2402758445.59,CC,ETH
2025-08-02,3487.02,3536.9,3368.07,3393.4,1497485032.53,CC,ETH
2025-08-03,3393.4,3522.08,3356.18,3497.6,842128496.52,CC,ETH
2025-08-04,3497.6,3737.28,3492.02,3720.93,1488663337.16,CC,ETH
2025-08-05,3720.93,3721.28,3546.78,3611.81,1576976876.62,CC,ETH
2025-08-06,3611.81,3699.86,3564.36,3684.11,1324367589.64,CC,ETH
2025-08-07,3684.11,3928.73,3648.86,3911.67,1952789807.61,CC,ETH
2025-08-08,3911.67,4071.18,3881.17,4010.54,2809549376.46,CC,ETH
2025-08-09,4010.54,4326.47,4007.66,4262.92,2161726993.45,CC,ETH
2025-08-10,4262.92,4333.21,4161.61,4252.23,1692542804.5,CC,ETH
2025-08-11,4252.23,4363.0,4166.28,4224.95,3092226498.82,CC,ETH
2025-08-12,4224.95,4637.79,4220.73,4589.8,3931807337.09,CC,ETH
2025-08-13,4589.8,4786.25,4563.84,4751.85,4212225862.3,CC,ETH
2025-08-14,4751.85,4792.0,4458.11,4550.57,4747748202.3,CC,ETH
2025-08-15,4550.57,4670.98,4370.37,4443.12,3335989219.35,CC,ETH
2025-08-16,4443.12,4494.58,4376.38,4425.22,1314953848.77,CC,ETH
2025-08-17,4425.22,4577.87,4398.69,4475.46,1458815773.26,CC,ETH
2025-08-18,4475.46,4484.5,4227.39,4315.29,3310774760.58,CC,ETH
2025-08-19,4315.29,4356.5,4067.28,4075.7,3423649957.86,CC,ETH
2025-08-20,4075.7,4378.55,4063.26,4336.33,2940058186.22,CC,ETH
2025-08-21,4336.33,4340.41,4204.16,4224.96,2004123764.73,CC,ETH
2025-08-22,4224.96,4886.5,4207.73,4830.6,4567562728.96,CC,ETH
2025-08-23,4830.6,4830.61,4661.09,4777.18,1399949632.47,CC,ETH
2025-08-24,4777.18,4955.89,4711.99,4780.0,2275070174.64,CC,ETH
2025-08-25,4780.0,4797.68,4336.8,4377.67,3283003266.99,CC,ETH
2025-08-26,4377.67,4635.1,4313.23,4601.95,2951649134.68,CC,ETH
2025-08-27,4601.95,4663.74,4482.76,4507.43,2490505056.76,CC,ETH
2025-08-28,4507.43,4634.05,4430.54,4512.13,1838212760.19,CC,ETH
2025-08-29,4512.13,4517.24,4270.22,4360.69,2440398500.78,CC,ETH
2025-08-30,4360.69,4415.32,4258.66,4374.94,904940321.54,CC,ETH
2025-08-31,4374.94,4498.78,4373.77,4392.43,1087170239.36,CC,ETH
2025-09-01,4392.43,4490.99,4212.31,4314.85,1651950026.24,CC,ETH
2025-09-02,4314.85,4417.1,4257.73,4326.52,1917061495.57,CC,ETH
2025-09-03,4326.52,4492.46,4283.79,4452.33,1649439983.87,CC,ETH
2025-09-04,4452.33,4484.3,4266.19,4298.54,1891640683.18,CC,ETH
2025-09-05,4298.54,4487.87,4255.43,4307.57,2438622193.01,CC,ETH
2025-09-06,4307.57,4328.68,4239.48,4274.53,663144740.61,CC,ETH
2025-09-07,4274.53,4335.97,4271.42,4306.18,528176655.06,CC,ETH
2025-09-08,4306.18,4384.03,4279.43,4306.62,1415742478.93,CC,ETH
2025-09-09,4306.62,4382.05,4277.07,4310.1,1233888604.82,CC,ETH
2025-09-10,4310.1,4454.16,4284.83,4350.1,1696532857.94,CC,ETH
2025-09-11,4350.1,4480.11,4339.91,4461.11,1743556248.68,CC,ETH
2025-09-12,4461.11,4746.46,4452.72,4715.14,2202728638.28,CC,ETH
2025-09-13,4715.14,4767.44,4608.13,4669.05,1173115651.96,CC,ETH
2025-09-14,4669.05,4694.21,4580.28,4606.66,821041711.85,CC,ETH
2025-09-15,4606.66,4672.07,4466.48,4525.27,1490318596.13,CC,ETH
2025-09-16,4525.27,4539.27,4425.47,4503.26,1432455964.12,CC,ETH
2025-09-17,4503.26,4618.97,4426.97,4592.35,2153585234.5,CC,ETH
2025-09-18,4592.35,4646.7,4555.5,4589.64,1473792565.85,CC,ETH
2025-09-19,4589.64,4622.36,4438.71,4471.56,1236841456.58,CC,ETH
2025-09-20,4471.56,4511.93,4457.46,4482.83,484523840.68,CC,ETH
2025-09-21,4482.83,4500.73,4446.23,4447.53,532721500.3,CC,ETH
2025-09-22,4447.53,4458.09,4081.71,4202.86,2758904426.3,CC,ETH
2025-09-23,4202.86,4231.67,4118.33,4165.7,1431024029.1,CC,ETH
2025-09-24,4165.7,4208.71,4078.05,4154.6,1244265448.62,CC,ETH
2025-09-25,4154.6,4162.96,3825.56,3876.07,3458155024.68,CC,ETH
2025-09-26,3876.07,4071.6,3870.18,4034.83,2142488867.17,CC,ETH
2025-09-27,4034.83,4040.36,3975.23,4020.82,607290939.93,CC,ETH
2025-09-28,4020.82,4146.51,3968.12,4143.89,926114651.63,CC,ETH
2025-09-29,4143.89,4238.84,4084.79,4218.07,1443486818.13,CC,ETH
2025-09-30,4218.07,4247.85,4093.58,4146.38,1587304174.98,CC,ETH
2025-10-01,4146.38,4357.3,4124.52,4350.53,1831877352.89,CC,ETH
2025-10-02,4350.53,4520.76,4335.44,4487.89,1894262052.06,CC,ETH
2025-10-03,4487.89,4595.84,4431.28,4516.0,2268936521.22,CC,ETH
2025-10-04,4516.0,4521.67,4443.4,4489.84,699322417.04,CC,ETH
2025-10-05,4489.84,4619.69,4470.16,4515.92,1259500192.42,CC,ETH
2025-10-06,4515.92,4738.74,4490.67,4686.54,2023482646.9,CC,ETH
2025-10-07,4686.54,4758.41,4456.12,4486.38,1598634858.91,CC,ETH
2025-07-11,2615.52,2979.89,2592.94,2948.45,39308824585.23128,CG,ETH
2025-07-15,2948.78,3074.13,2908.75,3012.18,41336421998.04408,CG,ETH
2025-07-19,3013.07,3669.85,2942.21,3547.32,72535524453.98022,CG,ETH
2025-07-23,3548.42,3848.92,3523.94,3746.94,52357062545.19388,CG,ETH
2025-07-27,3745.23,3773.65,3530.3,3742.43,25352434514.72998,CG,ETH
2025-07-31,3739.71,3936.94,3708.13,3807.42,28710848449.745983,CG,ETH
2025-08-04,3807.38,3874.37,3373.55,3497.57,18338718249.174084,CG,ETH
2025-08-08,3497.79,3917.17,3495.1,3911.26,31981627910.70641,CG,ETH
2025-08-12,3907.6,4347.28,3884.64,4228.82,43010572110.88258,CG,ETH
2025-08-16,4226.51,4779.0,4226.51,4430.53,50038927770.639565,CG,ETH
2025-08-20,4437.62,4563.72,4074.5,4074.5,41626342123.38552,CG,ETH
2025-08-24,4080.65,4877.09,4074.75,4773.88,27814037595.094646,CG,ETH
2025-08-28,4782.43,4946.05,4341.54,4500.15,35898825608.295586,CG,ETH
2025-09-01,4503.25,4625.35,4279.96,4388.93,22269795530.723904,CG,ETH
2025-09-05,4385.61,4486.12,4238.45,4298.09,29893273380.076374,CG,ETH
2025-09-09,4302.63,4467.61,4250.48,4309.69,26393884729.75394,CG,ETH
2025-09-13,4307.14,4721.04,4279.58,4708.84,39138140052.58744,CG,ETH
2025-09-17,4707.47,4762.74,4431.42,4504.27,28053763147.05997,CG,ETH
2025-09-21,4503.4,4637.85,4440.0,4481.8,14314030981.454111,CG,ETH
2025-09-25,4481.48,4497.46,4100.86,4148.66,29988924904.58222,CG,ETH
2025-09-29,4152.85,4160.04,3833.75,4141.84,21656522951.624653,CG,ETH
2025-10-03,4139.68,4514.81,4089.64,4484.01,41104321433.11955,CG,ETH
2025-10-07,4484.18,4734.99,4443.26,4689.13,46792621994.28584,CG,ETH
2025-07-08,1.0000087394,1.0014471792,0.9995835248,1.0002128562,61978988726.01,CMC,USDT
2025-07-09,1.0002128562,1.0013564777,0.9996711661,1.0005315686,89310464798.5,CMC,USDT
2025-07-10,1.0005579664,1.0012907489,0.9989185202,1.0000213393,118583636418.75,CMC,USDT
2025-07-11,1.0000436865,1.0006707765,0.9990350239,0.9998620324,149421606855.96,CMC,USDT
2025-07-12,0.9999539607,1.0008895131,0.9991184369,1.0002819527,78220719514.33,CMC,USDT
2025-07-13,1.0002566342,1.0007019473,0.9987206184,1.0003864421,79087285412.93,CMC,USDT
2025-07-14,1.0004023264,1.0006412097,0.9990723765,1.0000239387,139888129016.61,CMC,USDT
2025-07-15,1.0000446643,1.0009038925,0.9994496863,1.0000766754,147110595931.04,CMC,USDT
2025-07-16,1.0000766754,1.0009240824,0.9996763695,1.0004164582,136735817795.98,CMC,USDT
2025-07-17,1.0004164582,1.0009662744,0.9995301524,1.0006934547,145287866633.45,CMC,USDT
2025-07-18,1.000705392,1.0016748571,1.0001398117,1.00062742,171391095397.39,CMC,USDT
2025-07-19,1.0006137469,1.0008365981,0.9998654823,1.0004707339,84555363504.03,CMC,USDT
2025-07-20,1.0004619004,1.0008322209,0.999792939,1.0002168974,121220271115.31,CMC,USDT
2025-07-21,1.0002944664,1.0008439622,0.9998369526,1.0002976817,142526085979.82,CMC,USDT
2025-07-22,1.000269717,1.0008891314,0.9997896269,1.0002714227,152807165273.09,CMC,USDT
2025-07-23,1.0002985668,1.0012952651,0.9999055982,1.0004430188,141784375073.37,CMC,USDT
2025-07-24,1.0004025698,1.0014551104,1.0001545604,1.0006936472,140278466992.37,CMC,USDT
2025-07-25,1.0006936472,1.0010891252,0.9995245844,1.0001961939,160666344286.04,CMC,USDT
2025-07-26,1.0002351983,1.0010748768,0.9998204217,1.0003559466,81395777919.18,CMC,USDT
2025-07-27,1.0003581292,1.001145974,0.9998587143,1.0002606385,93779072984.79,CMC,USDT
2025-07-28,1.0002879342,1.0013343739,0.9996087105,1.000055794,122494776913.02,CMC,USDT
2025-07-29,1.0000155142,1.0014797,0.9994262092,0.9998059795,119233565101.56,CMC,USDT
2025-07-30,0.9998423391,1.0013278333,0.9994265122,0.9999554025,117065539789.49,CMC,USDT
2025-07-31,0.9999622008,1.0013954038,0.9995068535,0.9999567103,115507997580.07,CMC,USDT
2025-08-01,0.9998103034,1.0013176532,0.9989316399,0.999469659,149264878937.09,CMC,USDT
2025-08-02,0.999389371,1.0013287059,0.9993552967,0.9996669836,90832324897.31,CMC,USDT
2025-08-03,0.9996811426,1.0014665633,0.9994286971,1.0000495458,68628703726.21,CMC,USDT
2025-08-04,1.0001182247,1.0010296757,0.9996373998,0.9998927168,94254451379.94,CMC,USDT
2025-08-05,0.9999152767,1.0007733085,0.9994637419,0.9998721635,100233404863.45,CMC,USDT
2025-08-06,0.9999172818,1.0010699313,0.9995084079,1.0001958847,86168507038.02,CMC,USDT
2025-08-07,1.0001920616,1.0013727216,0.9998031407,1.0002871766,113750272695.25,CMC,USDT
2025-08-08,1.0002941125,1.0014928224,0.9997279192,1.0000908354,120123758456.54,CMC,USDT
2025-08-09,1.000029436,1.0010087619,0.9998182142,1.0002687568,109112430636.91,CMC,USDT
2025-08-10,1.0002542035,1.0008434632,0.9997495352,1.0002508379,110258257943.37,CMC,USDT
2025-08-11,1.0002524917,1.0009569464,0.9994637194,1.0002906496,153631931263.16,CMC,USDT
2025-08-12,1.0002678472,1.0007640466,0.9993899367,0.9998052781,145454707320.06,CMC,USDT
2025-08-13,0.9998028578,1.0007449081,0.9987498101,1.0003580213,176174405838.74,CMC,USDT
2025-08-14,1.0003149712,1.0012105884,0.9990164386,1.0006516343,209961673552.94,CMC,USDT
2025-08-15,1.0007585364,1.0014284528,0.9999253265,1.0006332692,136081976828.11,CMC,USDT
2025-08-16,1.0006218141,1.0017015062,1.0004155129,1.0006309352,78429925390.44,CMC,USDT
2025-08-17,1.0006267035,1.0013103172,1.000249312,1.0006551869,84634710708.76,CMC,USDT
2025-08-18,1.0006163125,1.0015634305,0.9999387658,1.0004745672,135590930861.37,CMC,USDT
2025-08-19,1.0004108838,1.0016368133,0.9996113896,1.0002079483,133667632357.83,CMC,USDT
2025-08-20,1.0001282276,1.001592558,0.999526034,1.0000547525,128830738719.53,CMC,USDT
2025-08-21,1.000068739,1.0008790367,0.9994590513,0.9996450648,99705745363.88,CMC,USDT
2025-08-22,0.9997300182,1.0018159924,0.9990639168,0.9997137443,177968789836.1,CMC,USDT
2025-08-23,0.9996783374,1.0007033536,0.9992520669,0.9995714214,106830359560.66,CMC,USDT
2025-08-24,0.9996654385,1.001835859,0.9989144053,0.9998869003,144846575398.52,CMC,USDT
2025-08-25,0.9998720571,1.0017631416,0.9993175593,1.000123274,168636919244.74,CMC,USDT
2025-08-26,1.0000952036,1.0022055201,0.9994712194,1.0003161348,138436111431.11,CMC,USDT
2025-08-27,1.0002722376,1.0020674119,0.9995864261,1.0000587532,120312328280.51,CMC,USDT
2025-08-28,0.9999625757,1.0016082804,0.9996062902,1.0000412163,110437549758.71,CMC,USDT
2025-08-29,1.0000668667,1.0018283006,0.9992964388,1.0001462886,142155878478.9,CMC,USDT
2025-08-30,1.0001467344,1.0013090701,0.9996545414,1.000056842,82307848032.33,CMC,USDT
2025-08-31,1.0001987427,1.0009537842,0.9997505143,1.0000598818,81269306866.53,CMC,USDT
2025-09-01,0.9999560969,1.0012611487,0.9995247182,1.0000465767,122614755606.69,CMC,USDT
2025-09-02,0.9999282712,1.0013324385,0.9997004246,0.9999974137,125812940915.62,CMC,USDT
2025-09-03,0.9999282427,1.0015529062,0.9997696797,1.0005707191,106189144879.17,CMC,USDT
2025-09-04,1.0005579484,1.0015141986,0.999845521,1.0003062604,102212994424.36,CMC,USDT
2025-09-05,1.0002827693,1.001637559,0.9996432032,0.9999501574,132146186477.54,CMC,USDT
2025-09-06,0.9999498681,1.0009573853,0.9993089635,1.0002217762,63681768081.02,CMC,USDT
2025-09-07,1.0002107132,1.0006966638,0.9996060936,1.0000934155,70719934553.82,CMC,USDT
2025-09-08,1.0000955443,1.0008214964,0.9994674129,0.9999060134,114790407663.0,CMC,USDT
2025-09-09,0.9999678378,1.0003837891,0.9994120324,1.0000651384,124541484302.21,CMC,USDT
2025-09-10,1.0000708943,1.0008779839,0.9996682417,1.0001383455,133101421364.46,CMC,USDT
2025-09-11,1.000092695,1.0005935477,0.9994508044,1.0002657931,121507255806.52,CMC,USDT
2025-09-12,1.0002700906,1.001188126,0.9993860798,1.0006179865,141338448171.77,CMC,USDT
2025-09-13,1.0005492344,1.0007830802,0.9995986951,1.0003185267,119042646333.46,CMC,USDT
2025-09-14,1.0003164171,1.0008778773,0.9997531584,1.0005281852,105982674401.93,CMC,USDT
2025-09-15,1.0005184011,1.0012660103,0.9998257941,1.0003303695,139213508846.96,CMC,USDT
2025-09-16,1.000275105,1.001070373,0.9998748978,1.0004239744,116631704616.97,CMC,USDT
2025-09-17,1.00055101,1.0017409005,0.99964458,1.000450154,154274220390.65,CMC,USDT
2025-09-18,1.0003964998,1.0007540736,0.9998861881,1.0001268522,142240779824.27,CMC,USDT
2025-09-19,1.0001986197,1.0011905397,0.9999303991,1.0005460024,112173044138.14,CMC,USDT
2025-09-20,1.0005656838,1.0012248584,1.0002330122,1.0003755533,78464789723.21,CMC,USDT
2025-09-21,1.0004038973,1.0017650883,1.0001990602,1.0004233221,84579518479.84,CMC,USDT
2025-09-22,1.0004505935,1.0016708705,1.000149837,1.000978223,192241730378.14,CMC,USDT
2025-09-23,1.001053717,1.001586995,0.9998649052,1.0001623834,129756252248.92,CMC,USDT
2025-09-24,1.0001622438,1.0016371934,0.9998116755,1.0002643822,127933462578.63,CMC,USDT
2025-09-25,1.0002673089,1.0021094492,0.9996477741,1.0004706072,201897993979.04,CMC,USDT
2025-09-26,1.0004062309,1.0016250125,1.0000427637,1.0004782695,154341516007.04,CMC,USDT
2025-09-27,1.0004852219,1.0010731527,1.0000393051,1.0004595976,83168656412.17,CMC,USDT
2025-09-28,1.0004764135,1.0013326342,0.9999337388,1.0003497216,92130856740.41,CMC,USDT
2025-09-29,1.000189733,1.0013992115,0.9999334791,1.0005610571,149598657209.36,CMC,USDT
2025-09-30,1.0004685761,1.0016255588,0.9997413297,1.0000962753,141617176979.73,CMC,USDT
2025-10-01,1.0001136784,1.0010430908,0.9997362266,1.0005113966,160344508086.08,CMC,USDT
2025-10-02,1.000482857,1.0012283829,1.0000464969,1.0007077744,169486978124.82,CMC,USDT
2025-10-03,1.0005575519,1.0012282995,1.0000604607,1.0004940228,180715556424.64,CMC,USDT
2025-10-04,1.0005019776,1.0008274291,0.9999126335,1.0003461037,99382972257.9,CMC,USDT
2025-10-05,1.0003304195,1.0007517347,0.9995295012,1.0001978683,158608091664.97,CMC,USDT
2025-10-06,1.0001732938,1.000747849,0.9996709211,1.0002153089,168375378431.63,CMC,USDT
2025-07-09,1.0,1.007,0.9739,1.0,19769.43,CC,USDT
2025-07-10,1.0,1.007,0.953,1.0,31909.33,CC,USDT
2025-07-11,1.0,1.012,0.9805,1.0,26060.14,CC,USDT
2025-07-12,1.0,1.007,0.9961,1.0,7398.84,CC,USDT
2025-07-13,1.0,1.004,0.9848,1.0,9557.36,CC,USDT
2025-07-14,1.0,1.028,0.9925,1.0,31367.5,CC,USDT
2025-07-15,1.0,1.019,0.9826,1.0,50133.43,CC,USDT
2025-07-16,1.0,1.013,0.9866,1.001,27852.97,CC,USDT
2025-07-17,1.001,1.015,0.9858,1.001,25240.54,CC,USDT
2025-07-18,1.001,1.037,0.9761,1.001,867663.18,CC,USDT
2025-07-19,1.001,1.005,0.9772,1.001,274793.55,CC,USDT
2025-07-20,1.001,1.018,0.9533,1.001,484916.94,CC,USDT
2025-07-21,1.001,1.026,0.9845,1.001,591519.08,CC,USDT
2025-07-22,1.001,1.003,0.9686,1.001,21994.2,CC,USDT
2025-07-23,1.001,1.038,0.9726,1.001,616374.15,CC,USDT
2025-07-24,1.001,1.018,0.947,1.001,631436.57,CC,USDT
2025-07-25,1.0,1.008,0.9757,1.0,47780.39,CC,USDT
2025-07-26,1.0,1.004,0.9935,1.0,10965.04,CC,USDT
2025-07-27,1.0,1.003,0.987,1.0,10345.68,CC,USDT
2025-07-28,1.0,1.015,0.9944,1.0,18091.77,CC,USDT
2025-07-29,1.0,1.011,0.9914,1.0,17579.47,CC,USDT
2025-07-30,1.0,1.008,0.9825,1.0,18338.25,CC,USDT
2025-07-31,1.0,1.027,0.9977,1.0,16936.01,CC,USDT
2025-08-01,1.0,1.024,0.9945,0.9996,33576.06,CC,USDT
2025-08-02,0.9997,1.042,0.9924,0.9998,433316.9,CC,USDT
2025-08-03,0.9999,1.005,0.98,1.0,8329.11,CC,USDT
2025-08-04,1.0,1.006,0.992,1.0,14471.43,CC,USDT
2025-08-05,1.0,1.009,0.9869,1.0,16922.63,CC,USDT
2025-08-06,1.0,1.007,0.9858,1.0,14485.93,CC,USDT
2025-08-07,1.0,1.005,0.9332,1.0,512001.92,CC,USDT
2025-08-08,1.0,1.015,0.968,1.0,707797.72,CC,USDT
2025-08-09,1.0,1.015,0.9406,1.0,515790.72,CC,USDT
2025-08-10,1.0,1.019,0.979,1.0,399971.19,CC,USDT
2025-08-11,1.0,1.033,0.9864,1.0,722835.29,CC,USDT
2025-08-12,1.0,1.01,0.9195,0.9999,883494.86,CC,USDT
2025-08-13,0.9999,1.008,0.9609,1.001,899773.71,CC,USDT
2025-08-14,1.001,1.054,0.9805,1.001,1029356.03,CC,USDT
2025-08-15,1.001,1.052,0.9845,1.001,740641.79,CC,USDT
2025-08-16,1.001,1.016,0.9896,1.001,297021.2,CC,USDT
2025-08-17,1.001,1.023,0.9834,1.001,324699.77,CC,USDT
2025-08-18,1.001,1.04,0.9801,1.0,764391.52,CC,USDT
2025-08-19,1.0,1.069,0.9979,1.0,813123.42,CC,USDT
2025-08-20,1.0,1.01,0.9371,1.0,695057.16,CC,USDT
2025-08-21,1.0,1.021,0.9955,0.9999,19945.94,CC,USDT
2025-08-22,0.9999,1.011,0.871,0.9999,989795.58,CC,USDT
2025-08-23,0.9999,1.011,0.9754,0.9997,295328.83,CC,USDT
2025-08-24,0.9997,1.037,0.9858,1.0,472299.47,CC,USDT
2025-08-25,1.0,1.032,0.9925,1.0,33315.94,CC,USDT
2025-08-26,1.0,1.006,0.9726,1.0,27225.91,CC,USDT
2025-08-27,1.0,1.035,0.9947,1.0,542412.68,CC,USDT
2025-08-28,1.0,1.008,0.9851,1.0,16867.7,CC,USDT
2025-08-29,1.0,1.039,0.992,1.0,29127.93,CC,USDT
2025-08-30,1.0,1.001,0.9869,1.0,9685.05,CC,USDT
2025-08-31,1.0,1.024,0.9958,1.0,244078.85,CC,USDT
2025-09-01,1.0,1.006,0.982,1.0,21787.08,CC,USDT
2025-09-02,1.0,1.005,0.9747,1.0,27115.02,CC,USDT
2025-09-03,1.0,1.008,0.9898,1.0,19096.58,CC,USDT
2025-09-04,1.0,1.014,0.9875,1.0,19578.13,CC,USDT
2025-09-05,1.0,1.025,0.996,1.0,28332.48,CC,USDT
2025-09-06,1.0,1.01,0.9985,1.0,6642.98,CC,USDT
2025-09-07,1.0,1.004,0.9917,1.0,6492.75,CC,USDT
2025-09-08,1.0,1.008,0.9871,1.0,16348.77,CC,USDT
2025-09-09,1.0,1.016,0.9932,1.0,18845.87,CC,USDT
2025-09-10,1.0,1.003,0.9735,1.0,23529.54,CC,USDT
2025-09-11,1.0,1.001,0.9825,1.0,18354.76,CC,USDT
2025-09-12,1.0,1.007,0.9893,1.001,20858.57,CC,USDT
2025-09-13,1.001,1.022,0.9874,1.0,250226.46,CC,USDT
2025-09-14,1.001,1.008,0.9993,1.001,7294.76,CC,USDT
2025-09-15,1.001,1.013,0.992,1.0,18566.94,CC,USDT
2025-09-16,1.0,1.002,0.9827,1.0,16312.0,CC,USDT
2025-09-17,1.0,1.008,0.9854,1.0,23712.46,CC,USDT
2025-09-18,1.0,1.008,0.9919,1.0,19202.92,CC,USDT
2025-09-19,1.0,1.016,0.9958,1.001,16763.59,CC,USDT
2025-09-20,1.001,1.001,1.0,1.0,356803765.58,CC,USDT
2025-09-21,1.001,1.006,1.0,1.001,5426.1,CC,USDT
2025-09-22,1.001,1.025,0.9944,1.001,28276.84,CC,USDT
2025-09-23,1.001,1.012,0.9957,1.0,18496.2,CC,USDT
2025-09-24,1.0,1.006,0.9807,1.001,17606.43,CC,USDT
2025-09-25,1.001,1.042,0.997,1.001,34962.06,CC,USDT
2025-09-26,1.001,1.007,0.9913,1.001,27964.0,CC,USDT
2025-09-27,1.001,1.002,0.9957,1.001,7112.25,CC,USDT
2025-09-28,1.001,1.002,0.9743,1.001,11942.23,CC,USDT
2025-09-29,1.001,1.002,0.9765,1.001,19545.61,CC,USDT
2025-09-30,1.001,1.007,0.9885,1.0,22983.1,CC,USDT
2025-10-01,1.0,1.001,0.9613,1.001,28267.31,CC,USDT
2025-10-02,1.001,1.005,0.982,1.001,28008.14,CC,USDT
2025-10-03,1.001,1.014,0.9764,1.001,35690.75,CC,USDT
2025-10-04,1.001,1.004,0.9935,1.001,9982.53,CC,USDT
2025-10-05,1.001,1.018,0.9897,1.0,21843.75,CC,USDT
2025-10-06,1.0,1.013,0.9879,1.001,27890.66,CC,USDT
2025-10-07,1.0,1.001,1.0,1.0,371632404.94,CC,USDT
2025-07-08,148.8719574192,152.7966022391,147.9498762498,151.8103911487,3885408944.07,CMC,SOL
2025-07-09,151.8103911399,157.8800230174,150.6998906424,157.2815136804,4759358090.42,CMC,SOL
2025-07-10,157.2815136804,165.0765881866,156.04606481,164.0627704514,5703252462.9,CMC,SOL
2025-07-11,164.0625301854,167.9219624419,160.0656427009,162.8833839671,7095844188.37,CMC,SOL
2025-07-12,162.8833839671,163.845325007,157.9980377163,160.6848409135,3795297693.6,CMC,SOL
2025-07-13,160.6848409135,163.9576031638,159.915847283,161.1940102952,3865898680.11,CMC,SOL
2025-07-14,161.1940102952,168.3361158374,160.7777828346,162.275228751,7130680772.78,CMC,SOL
2025-07-15,162.2756133664,164.1220836296,157.6027504142,163.9504405472,6533486767.58,CMC,SOL
2025-07-16,163.9504405472,175.8358060581,161.6914256974,173.7084764117,8415349749.89,CMC,SOL
2025-07-17,173.7084764117,178.068439383,169.0315301186,175.7930396194,7913250794.13,CMC,SOL
2025-07-18,175.7919265315,184.3690104022,173.9146954861,177.3819764166,8439352013.99,CMC,SOL
2025-07-19,177.3819192373,178.3693806064,174.3131347798,177.0701215538,4074891431.96,CMC,SOL
2025-07-20,177.0705010026,183.319758443,176.5283117059,181.5460353634,6503778373.87,CMC,SOL
2025-07-21,181.545257735,198.9155644302,178.5621886047,195.9942645041,11211509986.24,CMC,SOL
2025-07-22,195.9879000333,205.8714817733,194.2822994752,205.7005508588,14508715185.23,CMC,SOL
2025-07-23,205.7112447362,205.7560935373,184.3273597851,189.5429346814,10671351702.15,CMC,SOL
2025-07-24,189.5393100844,191.8833586239,179.9481526486,182.6060585639,8921891799.15,CMC,SOL
2025-07-25,182.6039474893,186.7885831132,176.4135431096,186.7796567829,8613557362.08,CMC,SOL
2025-07-26,186.7797990881,189.6469531998,184.5326737895,184.9138789915,3756183775.91,CMC,SOL
2025-07-27,184.9119747851,190.4431445834,184.7401315697,188.7334861772,4713357651.64,CMC,SOL
2025-07-28,188.7320937452,194.6580199127,182.3687626984,182.5415628036,7456216270.23,CMC,SOL
2025-07-29,182.5584916321,186.4884501709,178.5705847437,181.3353112001,5430304723.19,CMC,SOL
2025-07-30,181.3353112001,182.3795137745,172.3422702738,177.6940153611,6074764559.08,CMC,SOL
2025-07-31,177.6937912538,182.4824858803,171.8527978423,172.4243447988,5443530167.03,CMC,SOL
2025-08-01,172.4171190077,172.4171190077,159.7885802371,162.8770865104,8200357156.78,CMC,SOL
2025-08-02,162.8770865104,165.1070122098,156.084344547,158.4830128466,4455060056.36,CMC,SOL
2025-08-03,158.4834199771,162.8240538281,156.8716719373,161.9549662277,3702562221.69,CMC,SOL
2025-08-04,161.9629610271,169.7117365325,161.4369885122,169.4256868249,4977909460.03,CMC,SOL
2025-08-05,169.4277725403,171.5601514684,161.6408973747,164.0964370639,4979304041.13,CMC,SOL
2025-08-06,164.0985646851,169.8618376878,161.4011766485,168.1757278425,3851544154.38,CMC,SOL
2025-08-07,168.1754362932,175.4887042313,166.8945424159,175.4854336442,5177005321.14,CMC,SOL
2025-08-08,175.4854626805,179.3596294661,173.7015999824,176.7632849464,6565011386.39,CMC,SOL
2025-08-09,176.7631214536,183.1424820433,176.7598436412,180.1823493866,5297615193.29,CMC,SOL
2025-08-10,180.1828879284,185.9167493794,177.9951347915,182.9030215444,6719478867.22,CMC,SOL
2025-08-11,182.9030364731,186.6572999473,173.6866810411,174.9778205817,7353962793.82,CMC,SOL
2025-08-12,174.9778345695,193.4408492841,173.8356176263,191.8568254923,8611505118.06,CMC,SOL
2025-08-13,191.8568254923,204.4700221782,191.4954514755,201.5904249894,11831412256.73,CMC,SOL
2025-08-14,201.5867260619,209.6668493487,187.7833647235,192.5859541059,14664456934.27,CMC,SOL
2025-08-15,192.5877611162,198.1383176203,183.7640086806,185.7412555256,7685764514.61,CMC,SOL
2025-08-16,185.7395549439,189.9811452664,185.4577765591,189.7669994777,3716008731.74,CMC,SOL
2025-08-17,189.7658495097,195.4407901396,187.7236853347,191.1648279838,4221788170.77,CMC,SOL
2025-08-18,191.1644961964,191.3541568628,180.4141015088,183.0698649403,6328028843.53,CMC,SOL
2025-08-19,183.0696910273,185.7837312304,175.9924160285,176.1122772263,5990636024.63,CMC,SOL
2025-08-20,176.1138787285,187.6895457411,176.1010189082,187.5863075789,6283111573.97,CMC,SOL
2025-08-21,187.5863075789,189.4005312942,179.7133257573,180.2806204736,5379108038.99,CMC,SOL
2025-08-22,180.2796993861,201.9373421124,177.4747610744,200.6474459993,10256417345.53,CMC,SOL
2025-08-23,200.6461638942,207.8390116168,195.371843235,203.9367431378,7845395369.4,CMC,SOL
2025-08-24,203.9371535501,211.7602406338,201.7071917496,205.852365213,11456987571.35,CMC,SOL
2025-08-25,205.8554333064,213.0061303232,186.0250492719,187.2784465531,13048248034.24,CMC,SOL
2025-08-26,187.2684191169,197.8465227126,186.1734417295,195.9050927491,8032115173.04,CMC,SOL
2025-08-27,195.9060113803,211.8575776336,194.0631143696,202.9233746938,12883119558.62,CMC,SOL
2025-08-28,202.9257006256,216.0874064303,202.0071400113,214.4056388481,12079041801.07,CMC,SOL
2025-08-29,214.4013378723,217.8366983054,200.4359506769,205.219994796,14055051454.8,CMC,SOL
2025-08-30,205.2144847253,206.8004055479,197.8941937669,202.8601334757,5828701739.38,CMC,SOL
2025-08-31,202.8571959086,206.5069638128,200.6566958734,200.8635356739,5028997405.57,CMC,SOL
2025-09-01,200.8618689796,204.2178512607,194.3780280408,197.1083452903,7253329837.86,CMC,SOL
2025-09-02,197.1095962832,209.4815394303,197.0936639488,209.4815394303,8625200487.72,CMC,SOL
2025-09-03,209.4827928237,212.8235172398,207.5840708526,210.7463007294,6966454259.42,CMC,SOL
2025-09-04,210.7463007294,211.7950120485,202.1270211272,202.5601872659,5241887525.28,CMC,SOL
2025-09-05,202.5467327368,209.860065542,201.18001187,203.4985170428,7780086537.92,CMC,SOL
2025-09-06,203.4985170428,204.5575368942,199.6403932455,200.2463112806,3057210359.9,CMC,SOL
2025-09-07,200.2473591756,207.8673450645,200.228498178,206.4681793933,4153166545.48,CMC,SOL
2025-09-08,206.4645327917,216.8997812367,205.7173580854,214.1864023734,10019366594.27,CMC,SOL
2025-09-09,214.1865417401,219.5234967593,211.1582418016,217.2506935804,8798692220.17,CMC,SOL
2025-09-10,217.2503916931,225.5124648712,215.2725193028,223.9869108013,9070263027.21,CMC,SOL
2025-09-11,223.985688409,228.908831657,222.0251530146,228.7561860668,9580815361.1,CMC,SOL
2025-09-12,228.7562411456,243.788907294,228.2635535099,242.3032859197,13008621197.43,CMC,SOL
2025-09-13,242.3009725925,244.1432728567,236.4732975622,242.595908944,7478581446.69,CMC,SOL
2025-09-14,242.5955950942,249.1241291905,240.2139319724,240.5576913759,9358190854.14,CMC,SOL
2025-09-15,240.5481024568,244.0004188349,230.4840110772,234.3575658632,10017744936.04,CMC,SOL
2025-09-16,234.3592228935,240.6835219139,231.872968077,236.9895842251,7521208085.63,CMC,SOL
2025-09-17,236.9775289101,246.4639414783,232.773966726,244.8574486298,10420751508.58,CMC,SOL
2025-09-18,244.851310292,253.2098926224,242.9065900862,247.6371365873,9258651569.9,CMC,SOL
2025-09-19,247.6382514276,248.5066101011,235.8719295772,238.5527093622,7513642552.07,CMC,SOL
2025-09-20,238.5497546726,240.9989668864,237.1777662948,239.5924775509,3518711911.55,CMC,SOL
2025-09-21,239.59330346,241.8089255019,235.7166945439,236.5754494719,3513052984.23,CMC,SOL
2025-09-22,236.5742247968,236.8692691107,216.9177725488,220.496451145,12102727916.45,CMC,SOL
2025-09-23,220.5039116491,221.3500451775,212.8028562883,213.7172968412,7373425459.81,CMC,SOL
2025-09-24,213.7107183388,216.3801818566,206.0405990544,211.7562556759,8377116522.07,CMC,SOL
2025-09-25,211.7534444354,212.4007589364,192.083147637,192.3807630739,12314273479.01,CMC,SOL
2025-09-26,192.3979643948,205.4152810244,191.1266434354,205.3525498813,10334548744.03,CMC,SOL
2025-09-27,205.3451836233,205.3991455801,200.2690835231,203.58333488,4016294138.67,CMC,SOL
2025-09-28,203.5832427147,210.896224741,198.3204411242,210.7377515973,4467879568.78,CMC,SOL
2025-09-29,210.7397256914,214.6881170733,205.130809692,213.0533986824,6886600485.8,CMC,SOL
2025-09-30,213.0449618514,213.5068029006,204.5656488505,208.7431126308,6873718512.34,CMC,SOL
2025-10-01,208.7422357506,221.6758722712,206.6206736563,221.6758722712,8264703259.56,CMC,SOL
2025-10-02,221.6947267047,234.8605787613,219.8598536373,234.8568663999,9665302715.22,CMC,SOL
2025-10-03,234.8539818329,236.7911849613,227.6767428651,233.0019760472,9289248668.47,CMC,SOL
2025-10-04,233.0009716452,233.9008512621,224.4738250706,228.0032058096,4553115833.66,CMC,SOL
2025-10-05,228.0024968678,236.7772422551,226.8981683209,228.6011980904,7132874649.72,CMC,SOL
2025-10-06,228.6011037508,237.3225366209,227.998042883,232.5160415706,7521265449.9,CMC,SOL
2025-07-09,151.73,157.97,150.62,157.11,259666672.36,CC,SOL
2025-07-10,157.11,165.38,155.75,164.34,247646914.87,CC,SOL
2025-07-11,164.34,168.21,159.65,162.98,314326276.37,CC,SOL
2025-07-12,162.98,163.98,157.81,160.76,133459776.12,CC,SOL
2025-07-13,160.76,164.22,159.73,161.22,138616610.04,CC,SOL
2025-07-14,161.22,168.66,160.71,162.26,288370746.54,CC,SOL
2025-07-15,162.26,164.24,157.22,164.03,226893508.78,CC,SOL
2025-07-16,164.03,176.08,161.56,173.73,448832181.75,CC,SOL
2025-07-17,173.73,178.23,168.82,176.0,370359016.35,CC,SOL
2025-07-18,176.0,184.76,173.37,177.36,493005880.88,CC,SOL
2025-07-19,177.36,178.71,174.15,177.05,270528871.82,CC,SOL
2025-07-20,177.05,183.71,176.43,181.54,369233722.51,CC,SOL
2025-07-21,181.54,199.45,178.39,195.82,767167569.74,CC,SOL
2025-07-22,195.82,206.4,193.89,205.8,851563456.61,CC,SOL
2025-07-23,205.8,205.84,184.1,189.5,545246153.35,CC,SOL
2025-07-24,189.5,192.02,179.48,182.97,500594161.49,CC,SOL
2025-07-25,182.97,186.92,175.77,186.8,548134766.85,CC,SOL
2025-07-26,186.8,189.79,184.43,184.92,184124510.84,CC,SOL
2025-07-27,184.92,190.74,184.62,188.71,198444213.45,CC,SOL
2025-07-28,188.71,195.31,182.22,183.13,392184056.3,CC,SOL
2025-07-29,183.13,186.64,178.26,181.47,281675365.23,CC,SOL
2025-07-30,181.47,182.5,170.45,177.77,264745022.53,CC,SOL
2025-07-31,177.77,182.67,171.49,172.22,274056279.25,CC,SOL
2025-08-01,172.22,172.24,159.2,162.67,517751854.06,CC,SOL
2025-08-02,162.67,165.21,155.81,158.48,187758990.15,CC,SOL
2025-08-03,158.48,163.13,156.3,162.01,121815182.3,CC,SOL
2025-08-04,162.01,169.83,161.33,169.57,244834590.1,CC,SOL
2025-08-05,169.57,171.69,161.31,164.07,206575201.16,CC,SOL
2025-08-06,164.07,169.97,161.19,168.16,184561769.6,CC,SOL
2025-08-07,168.16,175.55,166.74,175.44,228221779.43,CC,SOL
2025-08-08,175.44,179.64,173.51,176.83,326886261.27,CC,SOL
2025-08-09,176.83,183.45,176.67,179.99,236129743.74,CC,SOL
2025-08-10,179.99,186.17,177.55,182.73,278888285.02,CC,SOL
2025-08-11,182.73,186.77,173.47,174.88,317834435.91,CC,SOL
2025-08-12,174.88,193.7,173.66,191.72,511272093.22,CC,SOL
2025-08-13,191.72,204.92,191.45,201.62,888135634.49,CC,SOL
2025-08-14,201.62,209.89,187.35,192.61,1013548552.3,CC,SOL
2025-08-15,192.61,198.19,183.44,185.89,470225777.86,CC,SOL
2025-08-16,185.89,190.14,185.36,189.74,202110244.79,CC,SOL
2025-08-17,189.74,195.91,187.53,191.15,287406910.4,CC,SOL
2025-08-18,191.15,191.44,180.11,183.0,388476891.58,CC,SOL
2025-08-19,183.0,185.92,175.68,176.21,382872347.25,CC,SOL
2025-08-20,176.21,188.02,176.05,187.97,369637533.22,CC,SOL
2025-08-21,187.97,190.08,179.37,180.28,375167568.51,CC,SOL
2025-08-22,180.28,202.53,177.29,200.64,653727921.88,CC,SOL
2025-08-23,200.64,208.4,195.24,204.07,509748596.91,CC,SOL
2025-08-24,204.07,211.94,201.09,205.96,733215279.84,CC,SOL
2025-08-25,205.96,213.47,185.46,187.22,980631308.12,CC,SOL
2025-08-26,187.22,198.11,185.67,195.88,482719484.65,CC,SOL
2025-08-27,195.88,212.08,193.83,202.94,1014969709.31,CC,SOL
2025-08-28,202.94,216.89,201.69,214.45,1003746573.97,CC,SOL
2025-08-29,214.45,217.94,199.93,205.13,1261525408.62,CC,SOL
2025-08-30,205.13,207.03,197.6,202.74,352311585.46,CC,SOL
2025-08-31,202.74,206.64,200.36,200.67,343643613.54,CC,SOL
2025-09-01,200.67,204.53,194.22,197.32,528432968.7,CC,SOL
2025-09-02,197.32,209.68,196.77,209.63,711428488.14,CC,SOL
2025-09-03,209.63,213.01,207.46,210.83,469042271.27,CC,SOL
2025-09-04,210.83,212.01,201.87,202.34,408774041.45,CC,SOL
2025-09-05,202.34,210.04,201.03,203.39,551122885.78,CC,SOL
2025-09-06,203.39,204.65,199.37,200.19,225157083.27,CC,SOL
2025-09-07,200.19,207.93,200.17,206.36,280700053.77,CC,SOL
2025-09-08,206.36,217.14,205.59,214.14,854147369.4,CC,SOL
2025-09-09,214.14,219.75,210.92,217.24,620031111.4,CC,SOL
2025-09-10,217.24,225.97,215.13,224.13,724855615.68,CC,SOL
2025-09-11,224.13,229.03,221.8,228.85,710478977.59,CC,SOL
2025-09-12,228.85,244.27,228.23,242.36,1272466518.23,CC,SOL
2025-09-13,242.36,244.31,235.6,242.49,619060305.81,CC,SOL
2025-09-14,242.49,249.92,239.35,239.89,917319586.91,CC,SOL
2025-09-15,239.89,244.08,230.21,234.39,991949828.63,CC,SOL
2025-09-16,234.39,240.98,231.36,237.0,756099212.87,CC,SOL
2025-09-17,237.0,246.71,232.36,244.92,933117598.43,CC,SOL
2025-09-18,244.92,253.58,242.68,247.6,847120014.54,CC,SOL
2025-09-19,247.6,248.64,235.27,238.66,668655995.65,CC,SOL
2025-09-20,238.66,241.31,237.07,239.6,227941412.84,CC,SOL
2025-09-21,239.6,241.94,235.46,236.32,223420340.13,CC,SOL
2025-09-22,236.32,237.08,216.17,220.56,1104538001.76,CC,SOL
2025-09-23,220.56,221.77,212.52,213.34,641920309.38,CC,SOL
2025-09-24,213.34,216.5,205.05,211.69,707174197.99,CC,SOL
2025-09-25,211.69,212.53,191.49,192.83,1258057453.41,CC,SOL
2025-09-26,192.83,205.63,190.93,205.28,1152322661.03,CC,SOL
2025-09-27,205.28,205.56,200.01,203.58,269531462.08,CC,SOL
2025-09-28,203.58,211.03,198.1,210.92,363438511.76,CC,SOL
2025-09-29,210.92,214.87,204.77,212.91,557218254.67,CC,SOL
2025-09-30,212.91,213.83,204.32,208.75,593396182.76,CC,SOL
2025-10-01,208.75,222.86,206.43,222.16,689744316.4,CC,SOL
2025-10-02,222.16,235.04,219.67,234.9,807464838.24,CC,SOL
2025-10-03,234.9,237.17,227.34,232.96,784410417.33,CC,SOL
2025-10-04,232.96,234.2,224.33,227.99,309564579.94,CC,SOL
2025-10-05,227.99,237.29,226.64,228.67,482846664.91,CC,SOL
2025-10-06,228.67,237.91,227.66,232.47,613221042.5,CC,SOL
2025-10-07,232.47,235.27,221.6,223.27,484674786.78,CC,SOL
2025-07-08,2.2740759265,2.3197077463,2.2500700712,2.3112337183,3096977786.69,CMC,XRP
2025-07-09,2.3112337182,2.4232493906,2.2990658676,2.4056362045,5095934678.89,CMC,XRP
2025-07-10,2.4056362045,2.5580556443,2.3972945588,2.5466827954,6049788224.92,CMC,XRP
2025-07-11,2.5466311154,2.9642700708,2.5175474201,2.7348638215,15789098842.82,CMC,XRP
2025-07-12,2.7348501228,2.8412537025,2.6699100994,2.737635692,8647115362.32,CMC,XRP
2025-07-13,2.737635692,2.8785003391,2.7268965062,2.8359410298,7159804375.13,CMC,XRP
2025-07-14,2.8359232948,3.02179172,2.8271822527,2.9549770079,12393161327.29,CMC,XRP
2025-07-15,2.9548838266,2.9574734877,2.8085020669,2.9189517238,8879749638.27,CMC,XRP
2025-07-16,2.9189477691,3.0970682249,2.8827064269,3.0414047377,8884765457.95,CMC,XRP
2025-07-17,3.0413778113,3.5405988232,3.0058358684,3.495128555,19109831395.5,CMC,XRP
2025-07-18,3.494916971,3.650210028,3.3606162643,3.4182118503,18226483531.0,CMC,XRP
2025-07-19,3.4181601067,3.4801113915,3.3617595705,3.4294055996,6728548740.51,CMC,XRP
2025-07-20,3.4293850081,3.5544296478,3.390992837,3.4595292201,8763366577.55,CMC,XRP
2025-07-21,3.4595380437,3.6424108858,3.4161550059,3.5557647418,9514968528.17,CMC,XRP
2025-07-22,3.5556373992,3.5769379379,3.4308362426,3.5516756327,8927291367.93,CMC,XRP
2025-07-23,3.5516723432,3.5521456275,3.0699465341,3.1849296168,13463451823.48,CMC,XRP
2025-07-24,3.1849401744,3.260030039,2.9854785114,3.1438945492,12401558966.43,CMC,XRP
2025-07-25,3.1438914171,3.1508634788,3.0091060805,3.1417201452,8709196636.23,CMC,XRP
2025-07-26,3.141684373,3.2137734581,3.1130233925,3.1675342321,4116974189.82,CMC,XRP
2025-07-27,3.1674193146,3.248465962,3.1626961341,3.2412820376,5026533834.99,CMC,XRP
2025-07-28,3.2412493443,3.3243569219,3.1140567219,3.1158418045,8060553540.17,CMC,XRP
2025-07-29,3.1159016365,3.1827985178,3.0611134698,3.1284312732,6224568344.94,CMC,XRP
2025-07-30,3.1284312732,3.1576073625,3.0166524193,3.0983761411,6525487340.43,CMC,XRP
2025-07-31,3.0982762199,3.1738064904,3.0180632071,3.0251695662,5429993621.56,CMC,XRP
2025-08-01,3.0251121395,3.051881744,2.9082595623,2.9645968835,9496832985.83,CMC,XRP
2025-08-02,2.9644840786,3.0177722373,2.7470678139,2.7663721487,6806946397.43,CMC,XRP
2025-08-03,2.7664345682,2.9583846717,2.746384066,2.9495439821,5493336228.64,CMC,XRP
2025-08-04,2.9495496054,3.0885931787,2.935889392,3.0728104865,6105465016.05,CMC,XRP
2025-08-05,3.0728053214,3.1033774574,2.9238889537,2.9637482036,5761767873.68,CMC,XRP
2025-08-06,2.9637493336,3.0172557157,2.9063880911,2.9918881689,4694230831.06,CMC,XRP
2025-08-07,2.9918865379,3.3296021855,2.9683361621,3.3182075847,8073584245.42,CMC,XRP
2025-08-08,3.3182408527,3.3758067484,3.2132447761,3.2871196375,10725932348.09,CMC,XRP
2025-08-09,3.2870481418,3.3447244654,3.2159565613,3.2278834236,5751246665.73,CMC,XRP
2025-08-10,3.2278798934,3.276626716,3.1602495993,3.1878564555,5480657769.73,CMC,XRP
2025-08-11,3.1878680683,3.3272363272,3.1220450629,3.1345139464,8655881430.86,CMC,XRP
2025-08-12,3.1344925541,3.3002629465,3.1121548687,3.2665061766,8909122577.11,CMC,XRP
2025-08-13,3.2665097929,3.3238396071,3.2074974384,3.2805912897,8866523351.76,CMC,XRP
2025-08-14,3.2805731072,3.3459882231,3.0372560099,3.0835218187,12234770540.14,CMC,XRP
2025-08-15,3.0835558411,3.1427621064,3.0085068049,3.0786673286,7119201344.85,CMC,XRP
2025-08-16,3.0786687893,3.1562592277,3.0780304519,3.1081396186,4171845770.49,CMC,XRP
2025-08-17,3.1081280513,3.1466840298,3.0883339408,3.0890412595,3705547888.56,CMC,XRP
2025-08-18,3.089042398,3.0956464936,2.9472664726,3.0614826959,8082538520.73,CMC,XRP
2025-08-19,3.0614872165,3.0802555283,2.85195064,2.8529239804,7026863069.95,CMC,XRP
2025-08-20,2.8530657604,2.9852993539,2.8267323034,2.950749082,7007191461.2,CMC,XRP
2025-08-21,2.950749082,2.9521754385,2.8439733677,2.8504739832,4660595471.89,CMC,XRP
2025-08-22,2.8505130546,3.0979927432,2.7843434477,3.0757727357,10060500291.05,CMC,XRP
2025-08-23,3.0757755032,3.0757881624,2.9706772169,3.0462138864,4711873112.95,CMC,XRP
2025-08-24,3.0462261886,3.1236739591,2.9989238788,3.0258694912,6414069609.22,CMC,XRP
2025-08-25,3.0258772234,3.0491623293,2.8333785345,2.861272435,7446594517.59,CMC,XRP
2025-08-26,2.861258275,3.0737356122,2.8577211512,3.0122180453,7015039497.92,CMC,XRP
2025-08-27,3.0122318948,3.0425339873,2.9642759744,2.9666177644,6656258779.69,CMC,XRP
2025-08-28,2.9667198783,3.0240694095,2.9460986069,2.9670949736,5961279099.32,CMC,XRP
2025-08-29,2.9670495026,2.9724367174,2.7809587836,2.8219570414,8455152429.79,CMC,XRP
2025-08-30,2.821933072,2.8336790263,2.7712915122,2.8181857057,3786859473.13,CMC,XRP
2025-08-31,2.8181909601,2.864312776,2.7743840105,2.7766414976,3292986153.5,CMC,XRP
2025-09-01,2.7766812097,2.8342733795,2.7064421981,2.7536946135,8041446525.44,CMC,XRP
2025-09-02,2.7538379301,2.8625168883,2.7507479695,2.8618585327,7493678798.94,CMC,XRP
2025-09-03,2.8618477176,2.8848502271,2.814041975,2.8448951257,4435438841.66,CMC,XRP
2025-09-04,2.8449046771,2.8590741592,2.7885860005,2.7958277633,4856488220.35,CMC,XRP
2025-09-05,2.7958169375,2.8827060593,2.78109389,2.816248033,6912100966.99,CMC,XRP
2025-09-06,2.816248033,2.8278244918,2.794511396,2.8108552289,2098512724.0,CMC,XRP
2025-09-07,2.8108552289,2.910406621,2.8106277037,2.8785622534,3861213414.47,CMC,XRP
2025-09-08,2.8785558581,2.9919006299,2.8671991331,2.9704008139,6130006998.11,CMC,XRP
2025-09-09,2.9704031351,3.0332069236,2.9352149391,2.9466143086,5916483405.61,CMC,XRP
2025-09-10,2.9466097284,3.019891344,2.9369113348,2.9817077999,4335352685.08,CMC,XRP
2025-09-11,2.9817256136,3.0474044464,2.9791719168,3.0409337605,5308930162.82,CMC,XRP
2025-09-12,3.0409418916,3.1292951506,3.0211793584,3.1076422103,6243311040.78,CMC,XRP
2025-09-13,3.1076179862,3.1834520899,3.0945680465,3.1214672017,5576961697.18,CMC,XRP
2025-09-14,3.1214465547,3.1250754055,3.013175367,3.0325253292,4780192677.83,CMC,XRP
2025-09-15,3.0325215317,3.0665008297,2.960890874,2.9971094821,6168345239.23,CMC,XRP
2025-09-16,2.9971108617,3.0577352137,2.9702455096,3.0384935729,4790701692.66,CMC,XRP
2025-09-17,3.0384924316,3.1062060172,2.9893489963,3.084991876,6464944701.65,CMC,XRP
2025-09-18,3.0849496005,3.1373726056,3.0591209675,3.0762693166,6370715154.12,CMC,XRP
2025-09-19,3.0762729726,3.0919610969,2.982812645,2.9918523551,5081524031.99,CMC,XRP
2025-09-20,2.9918317804,3.0097674609,2.9726925585,2.9789185625,3128134656.08,CMC,XRP
2025-09-21,2.9789304998,3.0128637094,2.9580097043,2.9734094202,3006847619.05,CMC,XRP
2025-09-22,2.9734186497,2.9750931768,2.7758367461,2.8530096821,10061060584.33,CMC,XRP
2025-09-23,2.8530252475,2.8936236283,2.8051233244,2.8281566701,5443127217.09,CMC,XRP
2025-09-24,2.8281204783,2.9935900025,2.8031453598,2.9280347473,6233618624.5,CMC,XRP
2025-09-25,2.9280544952,2.9434604364,2.7387227367,2.7423185349,9262038625.99,CMC,XRP
2025-09-26,2.7423644249,2.809046586,2.7039681448,2.785812306,7991469350.16,CMC,XRP
2025-09-27,2.7858043635,2.8261573915,2.7664316891,2.8077354484,2924457406.22,CMC,XRP
2025-09-28,2.8077143844,2.8668207133,2.7698877258,2.8665858579,3306243728.4,CMC,XRP
2025-09-29,2.8665869083,2.9153708649,2.8486221301,2.8826924135,5241844741.01,CMC,XRP
2025-09-30,2.8826632636,2.9061387299,2.8182895066,2.846930859,4983474470.58,CMC,XRP
2025-10-01,2.8469419897,2.9588204347,2.8168546506,2.9472781171,6320890474.18,CMC,XRP
2025-10-02,2.9472943701,3.0992513101,2.9433735955,3.0393243949,7342967135.25,CMC,XRP
2025-10-03,3.0393425663,3.0931354078,3.0083730964,3.0408808476,6969299806.22,CMC,XRP
2025-10-04,3.040886603,3.0501858185,2.9425148889,2.9693490713,4164234298.0,CMC,XRP
2025-10-05,2.9693450343,3.0680887712,2.9508031884,2.9706413452,5535126764.47,CMC,XRP
2025-10-06,2.9706166386,3.0464453345,2.959745329,2.9907166404,6393948188.07,CMC,XRP
2025-07-09,2.311,2.429,2.298,2.405,413187045.35,CC,XRP
2025-07-10,2.405,2.569,2.395,2.547,520894303.24,CC,XRP
2025-07-11,2.547,2.976,2.512,2.733,1464564352.48,CC,XRP
2025-07-12,2.733,2.848,2.664,2.74,589284830.81,CC,XRP
2025-07-13,2.74,2.895,2.725,2.837,548745091.72,CC,XRP
2025-07-14,2.837,3.035,2.823,2.959,1152613209.6,CC,XRP
2025-07-15,2.959,2.959,2.805,2.92,674079365.67,CC,XRP
2025-07-16,2.92,3.102,2.878,3.039,777789712.29,CC,XRP
2025-07-17,3.039,3.552,2.989,3.484,1906881571.27,CC,XRP
2025-07-18,3.484,3.665,3.346,3.416,1886829017.68,CC,XRP
2025-07-19,3.416,3.487,3.356,3.427,557138226.92,CC,XRP
2025-07-20,3.427,3.559,3.388,3.456,721979937.58,CC,XRP
2025-07-21,3.456,3.652,3.41,3.552,958837298.22,CC,XRP
2025-07-22,3.552,3.581,3.424,3.552,858844068.62,CC,XRP
2025-07-23,3.552,3.554,3.05,3.186,1296447247.79,CC,XRP
2025-07-24,3.186,3.268,2.96,3.147,1075190410.89,CC,XRP
2025-07-25,3.147,3.163,3.001,3.143,803405571.33,CC,XRP
2025-07-26,3.143,3.219,3.109,3.167,310514917.15,CC,XRP
2025-07-27,3.167,3.252,3.158,3.24,334125633.39,CC,XRP
2025-07-28,3.24,3.332,3.108,3.123,662457406.82,CC,XRP
2025-07-29,3.123,3.186,3.054,3.128,540607965.71,CC,XRP
2025-07-30,3.128,3.162,3.001,3.096,564073840.4,CC,XRP
2025-07-31,3.096,3.177,3.012,3.023,435429735.16,CC,XRP
2025-08-01,3.023,3.058,2.893,2.96,792364519.18,CC,XRP
2025-08-02,2.96,3.019,2.74,2.769,580205925.2,CC,XRP
2025-08-03,2.769,2.962,2.728,2.949,376275590.6,CC,XRP
2025-08-04,2.949,3.091,2.932,3.072,465014449.06,CC,XRP
2025-08-05,3.072,3.106,2.916,2.962,437026835.39,CC,XRP
2025-08-06,2.962,3.019,2.902,2.991,337690365.66,CC,XRP
2025-08-07,2.991,3.334,2.965,3.32,682697046.83,CC,XRP
2025-08-08,3.32,3.383,3.204,3.286,860172127.48,CC,XRP
2025-08-09,3.286,3.348,3.211,3.227,412123396.76,CC,XRP
2025-08-10,3.227,3.279,3.153,3.188,380105203.84,CC,XRP
2025-08-11,3.188,3.333,3.119,3.13,605891270.84,CC,XRP
2025-08-12,3.13,3.305,3.105,3.267,524727732.24,CC,XRP
2025-08-13,3.267,3.334,3.203,3.276,585162405.67,CC,XRP
2025-08-14,3.276,3.352,3.007,3.082,844961253.51,CC,XRP
2025-08-15,3.082,3.145,3.004,3.08,429668157.34,CC,XRP
2025-08-16,3.08,3.158,3.074,3.107,223743564.3,CC,XRP
2025-08-17,3.107,3.149,3.079,3.09,221720897.36,CC,XRP
2025-08-18,3.09,3.098,2.942,3.062,536667177.87,CC,XRP
2025-08-19,3.062,3.082,2.849,2.86,549238407.47,CC,XRP
2025-08-20,2.86,2.991,2.819,2.951,519603981.49,CC,XRP
2025-08-21,2.951,2.958,2.842,2.851,343434516.38,CC,XRP
2025-08-22,2.851,3.104,2.782,3.073,774799476.63,CC,XRP
2025-08-23,3.073,3.073,2.968,3.048,303207535.23,CC,XRP
2025-08-24,3.048,3.127,2.989,3.025,433843663.77,CC,XRP
2025-08-25,3.025,3.053,2.824,2.859,547436334.7,CC,XRP
2025-08-26,2.859,3.082,2.848,3.013,513669311.93,CC,XRP
2025-08-27,3.013,3.045,2.962,2.969,470262807.27,CC,XRP
2025-08-28,2.969,3.026,2.943,2.966,385866511.14,CC,XRP
2025-08-29,2.966,2.976,2.774,2.82,627887971.35,CC,XRP
2025-08-30,2.82,2.835,2.762,2.818,221940154.07,CC,XRP
2025-08-31,2.818,2.869,2.771,2.776,205245573.83,CC,XRP
2025-09-01,2.776,2.839,2.7,2.758,535633235.87,CC,XRP
2025-09-02,2.758,2.864,2.749,2.862,459390600.1,CC,XRP
2025-09-03,2.862,2.887,2.812,2.845,332963518.21,CC,XRP
2025-09-04,2.845,2.862,2.785,2.795,340339302.34,CC,XRP
2025-09-05,2.795,2.885,2.778,2.814,401491924.18,CC,XRP
2025-09-06,2.814,2.829,2.793,2.81,114654295.27,CC,XRP
2025-09-07,2.81,2.927,2.81,2.877,257426891.66,CC,XRP
2025-09-08,2.877,2.996,2.863,2.97,479485080.69,CC,XRP
2025-09-09,2.97,3.037,2.935,2.947,435834593.36,CC,XRP
2025-09-10,2.947,3.029,2.936,2.984,350933000.78,CC,XRP
2025-09-11,2.984,3.05,2.957,3.041,428658631.66,CC,XRP
2025-09-12,3.041,3.139,3.018,3.107,531420225.96,CC,XRP
2025-09-13,3.107,3.187,3.09,3.121,431725213.47,CC,XRP
2025-09-14,3.121,3.128,3.012,3.029,349402272.1,CC,XRP
2025-09-15,3.029,3.068,2.955,2.997,454569851.2,CC,XRP
2025-09-16,2.997,3.059,2.965,3.038,372822321.08,CC,XRP
2025-09-17,3.038,3.108,2.982,3.085,569478823.46,CC,XRP
2025-09-18,3.085,3.141,3.057,3.074,477952237.43,CC,XRP
2025-09-19,3.074,3.095,2.981,2.991,376034526.26,CC,XRP
2025-09-20,2.991,3.011,2.968,2.977,176736909.26,CC,XRP
2025-09-21,2.977,3.015,2.954,2.972,198384247.07,CC,XRP
2025-09-22,2.972,2.977,2.711,2.855,658273335.43,CC,XRP
2025-09-23,2.855,2.898,2.802,2.825,423539732.62,CC,XRP
2025-09-24,2.825,2.997,2.79,2.926,460719936.63,CC,XRP
2025-09-25,2.926,2.945,2.726,2.745,704683619.04,CC,XRP
2025-09-26,2.745,2.811,2.7,2.785,652453237.87,CC,XRP
2025-09-27,2.785,2.83,2.763,2.806,217826967.01,CC,XRP
2025-09-28,2.806,2.869,2.767,2.869,245579333.73,CC,XRP
2025-09-29,2.869,2.93,2.847,2.881,416228488.4,CC,XRP
2025-09-30,2.881,2.909,2.814,2.847,388114654.76,CC,XRP
2025-10-01,2.847,2.963,2.815,2.949,471302078.87,CC,XRP
2025-10-02,2.949,3.103,2.942,3.04,676890101.03,CC,XRP
2025-10-03,3.04,3.097,3.006,3.042,549769233.16,CC,XRP
2025-10-04,3.042,3.054,2.94,2.97,369745053.91,CC,XRP
2025-10-05,2.97,3.072,2.948,2.97,395891323.31,CC,XRP
2025-10-06,2.97,3.052,2.957,2.989,473213129.99,CC,XRP
2025-10-07,2.989,3.003,2.873,2.88,324922735.74,CC,XRP
